type,value,start,end,name,createdAt,instanceId
Measurement,12,,,agent.ping.roundtriptime,2022-01-23T21:03:36,pop-os
Counter,16043,,,agent.ping.count,2022-01-23T21:03:36,pop-os
Measurement,14,,,agent.ping.roundtriptime,2022-01-23T21:03:34,pop-os
Counter,16042,,,agent.ping.count,2022-01-23T21:03:34,pop-os
Counter,16041,,,agent.ping.count,2022-01-23T21:03:32,pop-os
Measurement,11,,,agent.ping.roundtriptime,2022-01-23T21:03:32,pop-os
Measurement,16,,,agent.ping.roundtriptime,2022-01-23T21:03:30,pop-os
Counter,16040,,,agent.ping.count,2022-01-23T21:03:30,pop-os
Measurement,17,,,agent.ping.roundtriptime,2022-01-23T21:03:28,pop-os
Measurement,0,2022-01-23T20:43:39,2022-01-23T21:03:28,agent.ping.average.failure,2022-01-23T21:03:28,pop-os
Counter,16039,,,agent.ping.count,2022-01-23T21:03:28,pop-os
Measurement,18,,,agent.ping.roundtriptime,2022-01-23T21:03:26,pop-os
Counter,16038,,,agent.ping.count,2022-01-23T21:03:26,pop-os
Measurement,14,,,agent.ping.roundtriptime,2022-01-23T21:03:24,pop-os
Counter,16037,,,agent.ping.count,2022-01-23T21:03:24,pop-os
Measurement,14,,,agent.ping.roundtriptime,2022-01-23T21:03:22,pop-os
Counter,16036,,,agent.ping.count,2022-01-23T21:03:22,pop-os
Measurement,17,,,agent.ping.roundtriptime,2022-01-23T21:03:20,pop-os
Counter,16035,,,agent.ping.count,2022-01-23T21:03:20,pop-os
Measurement,11,,,agent.ping.roundtriptime,2022-01-23T21:03:18,pop-os
Counter,16034,,,agent.ping.count,2022-01-23T21:03:18,pop-os
Measurement,18,,,agent.ping.roundtriptime,2022-01-23T21:03:16,pop-os
Counter,16033,,,agent.ping.count,2022-01-23T21:03:16,pop-os
Measurement,18,,,agent.ping.roundtriptime,2022-01-23T21:03:14,pop-os
Counter,16032,,,agent.ping.count,2022-01-23T21:03:14,pop-os
Measurement,13,,,agent.ping.roundtriptime,2022-01-23T21:03:12,pop-os
Counter,16031,,,agent.ping.count,2022-01-23T21:03:12,pop-os
Measurement,16,,,agent.ping.roundtriptime,2022-01-23T21:03:10,pop-os
Counter,16030,,,agent.ping.count,2022-01-23T21:03:10,pop-os
Measurement,13,,,agent.ping.roundtriptime,2022-01-23T21:03:08,pop-os
Measurement,0,2022-01-23T20:43:39,2022-01-23T21:03:08,agent.ping.average.failure,2022-01-23T21:03:08,pop-os
Counter,16029,,,agent.ping.count,2022-01-23T21:03:08,pop-os
Measurement,18,,,agent.ping.roundtriptime,2022-01-23T21:03:06,pop-os
Counter,16028,,,agent.ping.count,2022-01-23T21:03:06,pop-os
Counter,16027,,,agent.ping.count,2022-01-23T21:03:04,pop-os
Measurement,22,,,agent.ping.roundtriptime,2022-01-23T21:03:03,pop-os
Measurement,15,,,agent.ping.roundtriptime,2022-01-23T21:03:01,pop-os
Counter,16026,,,agent.ping.count,2022-01-23T21:03:01,pop-os
Measurement,10,,,agent.ping.roundtriptime,2022-01-23T21:02:59,pop-os
Counter,16025,,,agent.ping.count,2022-01-23T21:02:59,pop-os
Measurement,14,,,agent.ping.roundtriptime,2022-01-23T21:02:57,pop-os
Counter,16024,,,agent.ping.count,2022-01-23T21:02:57,pop-os
Measurement,17,,,agent.ping.roundtriptime,2022-01-23T21:02:55,pop-os
Counter,16023,,,agent.ping.count,2022-01-23T21:02:55,pop-os
Counter,16022,,,agent.ping.count,2022-01-23T21:02:53,pop-os
Measurement,14,,,agent.ping.roundtriptime,2022-01-23T21:02:53,pop-os
Measurement,48,,,agent.ping.roundtriptime,2022-01-23T21:02:51,pop-os
Counter,16021,,,agent.ping.count,2022-01-23T21:02:51,pop-os
Measurement,17,,,agent.ping.roundtriptime,2022-01-23T21:02:49,pop-os
Counter,16020,,,agent.ping.count,2022-01-23T21:02:49,pop-os
Measurement,15,,,agent.ping.roundtriptime,2022-01-23T21:02:47,pop-os
Measurement,0,2022-01-23T20:43:39,2022-01-23T21:02:47,agent.ping.average.failure,2022-01-23T21:02:47,pop-os
Counter,16019,,,agent.ping.count,2022-01-23T21:02:47,pop-os
Measurement,12,,,agent.ping.roundtriptime,2022-01-23T21:02:45,pop-os
Counter,16018,,,agent.ping.count,2022-01-23T21:02:45,pop-os
Measurement,23,,,agent.ping.roundtriptime,2022-01-23T21:02:43,pop-os
Counter,16017,,,agent.ping.count,2022-01-23T21:02:43,pop-os
Measurement,13,,,agent.ping.roundtriptime,2022-01-23T21:02:41,pop-os
Counter,16016,,,agent.ping.count,2022-01-23T21:02:41,pop-os
Measurement,43,,,agent.ping.roundtriptime,2022-01-23T21:02:39,pop-os
Counter,16015,,,agent.ping.count,2022-01-23T21:02:39,pop-os
Measurement,15,,,agent.ping.roundtriptime,2022-01-23T21:02:37,pop-os
Counter,16014,,,agent.ping.count,2022-01-23T21:02:37,pop-os
Measurement,15,,,agent.ping.roundtriptime,2022-01-23T21:02:35,pop-os
Counter,16013,,,agent.ping.count,2022-01-23T21:02:35,pop-os
Measurement,26,,,agent.ping.roundtriptime,2022-01-23T21:02:33,pop-os
Counter,16012,,,agent.ping.count,2022-01-23T21:02:33,pop-os
Measurement,13,,,agent.ping.roundtriptime,2022-01-23T21:02:31,pop-os
Counter,16011,,,agent.ping.count,2022-01-23T21:02:31,pop-os
Measurement,11,,,agent.ping.roundtriptime,2022-01-23T21:02:29,pop-os
Counter,16010,,,agent.ping.count,2022-01-23T21:02:29,pop-os
Measurement,15,,,agent.ping.roundtriptime,2022-01-23T21:02:27,pop-os
Measurement,0,2022-01-23T20:43:39,2022-01-23T21:02:27,agent.ping.average.failure,2022-01-23T21:02:27,pop-os
Counter,16009,,,agent.ping.count,2022-01-23T21:02:27,pop-os
Counter,16008,,,agent.ping.count,2022-01-23T21:02:25,pop-os
Measurement,14,,,agent.ping.roundtriptime,2022-01-23T21:02:24,pop-os
Measurement,23,,,agent.ping.roundtriptime,2022-01-23T21:02:22,pop-os
Counter,16007,,,agent.ping.count,2022-01-23T21:02:22,pop-os
Measurement,17,,,agent.ping.roundtriptime,2022-01-23T21:02:20,pop-os
Counter,16006,,,agent.ping.count,2022-01-23T21:02:20,pop-os
Measurement,15,,,agent.ping.roundtriptime,2022-01-23T21:02:18,pop-os
Counter,16005,,,agent.ping.count,2022-01-23T21:02:18,pop-os
Measurement,15,,,agent.ping.roundtriptime,2022-01-23T21:02:16,pop-os
Counter,16004,,,agent.ping.count,2022-01-23T21:02:16,pop-os
Counter,16003,,,agent.ping.count,2022-01-23T21:02:14,pop-os
Measurement,56,,,agent.ping.roundtriptime,2022-01-23T21:02:14,pop-os
Measurement,12,,,agent.ping.roundtriptime,2022-01-23T21:02:12,pop-os
Counter,16002,,,agent.ping.count,2022-01-23T21:02:12,pop-os
Measurement,17,,,agent.ping.roundtriptime,2022-01-23T21:02:10,pop-os
Counter,16001,,,agent.ping.count,2022-01-23T21:02:10,pop-os
Measurement,12,,,agent.ping.roundtriptime,2022-01-23T21:02:08,pop-os
Counter,16000,,,agent.ping.count,2022-01-23T21:02:08,pop-os
Measurement,11,,,agent.ping.roundtriptime,2022-01-23T21:02:06,pop-os
Measurement,0,2022-01-23T20:43:39,2022-01-23T21:02:06,agent.ping.average.failure,2022-01-23T21:02:06,pop-os
Counter,15999,,,agent.ping.count,2022-01-23T21:02:06,pop-os
Measurement,15,,,agent.ping.roundtriptime,2022-01-23T21:02:04,pop-os
Counter,15998,,,agent.ping.count,2022-01-23T21:02:04,pop-os
Measurement,16,,,agent.ping.roundtriptime,2022-01-23T21:02:02,pop-os
Counter,15997,,,agent.ping.count,2022-01-23T21:02:02,pop-os
Measurement,17,,,agent.ping.roundtriptime,2022-01-23T21:02:00,pop-os
Counter,15996,,,agent.ping.count,2022-01-23T21:02:00,pop-os
Measurement,16,,,agent.ping.roundtriptime,2022-01-23T21:01:58,pop-os
Counter,15995,,,agent.ping.count,2022-01-23T21:01:58,pop-os
Measurement,15,,,agent.ping.roundtriptime,2022-01-23T21:01:56,pop-os
Counter,15994,,,agent.ping.count,2022-01-23T21:01:56,pop-os
Measurement,19,,,agent.ping.roundtriptime,2022-01-23T21:01:54,pop-os
Counter,15993,,,agent.ping.count,2022-01-23T21:01:54,pop-os
Measurement,15,,,agent.ping.roundtriptime,2022-01-23T21:01:52,pop-os
Counter,15992,,,agent.ping.count,2022-01-23T21:01:52,pop-os
Measurement,18,,,agent.ping.roundtriptime,2022-01-23T21:01:50,pop-os
Counter,15991,,,agent.ping.count,2022-01-23T21:01:50,pop-os
Measurement,18,,,agent.ping.roundtriptime,2022-01-23T21:01:48,pop-os
Counter,15990,,,agent.ping.count,2022-01-23T21:01:48,pop-os
Measurement,12,,,agent.ping.roundtriptime,2022-01-23T21:01:46,pop-os
Counter,15989,,,agent.ping.count,2022-01-23T21:01:46,pop-os
Measurement,0,2022-01-23T20:43:39,2022-01-23T21:01:45,agent.ping.average.failure,2022-01-23T21:01:45,pop-os
Measurement,14,,,agent.ping.roundtriptime,2022-01-23T21:01:43,pop-os
Counter,15988,,,agent.ping.count,2022-01-23T21:01:43,pop-os
Measurement,12,,,agent.ping.roundtriptime,2022-01-23T21:01:41,pop-os
Counter,15987,,,agent.ping.count,2022-01-23T21:01:41,pop-os
Measurement,12,,,agent.ping.roundtriptime,2022-01-23T21:01:39,pop-os
Counter,15986,,,agent.ping.count,2022-01-23T21:01:39,pop-os
Measurement,13,,,agent.ping.roundtriptime,2022-01-23T21:01:37,pop-os
Counter,15985,,,agent.ping.count,2022-01-23T21:01:37,pop-os
Counter,15984,,,agent.ping.count,2022-01-23T21:01:35,pop-os
Measurement,16,,,agent.ping.roundtriptime,2022-01-23T21:01:35,pop-os
Measurement,13,,,agent.ping.roundtriptime,2022-01-23T21:01:33,pop-os
Counter,15983,,,agent.ping.count,2022-01-23T21:01:33,pop-os
Measurement,14,,,agent.ping.roundtriptime,2022-01-23T21:01:31,pop-os
Counter,15982,,,agent.ping.count,2022-01-23T21:01:31,pop-os
Measurement,17,,,agent.ping.roundtriptime,2022-01-23T21:01:29,pop-os
Counter,15981,,,agent.ping.count,2022-01-23T21:01:29,pop-os
Measurement,11,,,agent.ping.roundtriptime,2022-01-23T21:01:27,pop-os
Counter,15980,,,agent.ping.count,2022-01-23T21:01:27,pop-os
Counter,15979,,,agent.ping.count,2022-01-23T21:01:25,pop-os
Measurement,16,,,agent.ping.roundtriptime,2022-01-23T21:01:25,pop-os
Measurement,0,2022-01-23T20:43:39,2022-01-23T21:01:25,agent.ping.average.failure,2022-01-23T21:01:25,pop-os
Measurement,16,,,agent.ping.roundtriptime,2022-01-23T21:01:23,pop-os
Counter,15978,,,agent.ping.count,2022-01-23T21:01:23,pop-os
Measurement,14,,,agent.ping.roundtriptime,2022-01-23T21:01:21,pop-os
Counter,15977,,,agent.ping.count,2022-01-23T21:01:21,pop-os
Measurement,28,,,agent.ping.roundtriptime,2022-01-23T21:01:19,pop-os
Counter,15976,,,agent.ping.count,2022-01-23T21:01:19,pop-os
Measurement,12,,,agent.ping.roundtriptime,2022-01-23T21:01:17,pop-os
Counter,15975,,,agent.ping.count,2022-01-23T21:01:17,pop-os
Measurement,13,,,agent.ping.roundtriptime,2022-01-23T21:01:15,pop-os
Counter,15974,,,agent.ping.count,2022-01-23T21:01:15,pop-os
Measurement,14,,,agent.ping.roundtriptime,2022-01-23T21:01:13,pop-os
Counter,15973,,,agent.ping.count,2022-01-23T21:01:13,pop-os
Measurement,14,,,agent.ping.roundtriptime,2022-01-23T21:01:11,pop-os
Counter,15972,,,agent.ping.count,2022-01-23T21:01:11,pop-os
Measurement,27,,,agent.ping.roundtriptime,2022-01-23T21:01:09,pop-os
Counter,15971,,,agent.ping.count,2022-01-23T21:01:09,pop-os
Measurement,13,,,agent.ping.roundtriptime,2022-01-23T21:01:07,pop-os
Counter,15970,,,agent.ping.count,2022-01-23T21:01:07,pop-os
Measurement,11,,,agent.ping.roundtriptime,2022-01-23T21:01:04,pop-os
Measurement,1,2022-01-23T20:43:39,2022-01-23T21:01:04,agent.ping.average.failure,2022-01-23T21:01:04,pop-os
Counter,15969,,,agent.ping.count,2022-01-23T21:01:04,pop-os
Measurement,93,,,agent.ping.roundtriptime,2022-01-23T21:01:02,pop-os
Counter,15968,,,agent.ping.count,2022-01-23T21:01:02,pop-os
Counter,15967,,,agent.ping.count,2022-01-23T21:01:00,pop-os
Counter,15966,,,agent.ping.count,2022-01-23T21:00:58,pop-os
Counter,15965,,,agent.ping.count,2022-01-23T21:00:56,pop-os
Counter,15964,,,agent.ping.count,2022-01-23T21:00:54,pop-os
Counter,15963,,,agent.ping.count,2022-01-23T21:00:52,pop-os
Measurement,13,,,agent.ping.roundtriptime,2022-01-23T21:00:50,pop-os
Counter,15962,,,agent.ping.count,2022-01-23T21:00:50,pop-os
Measurement,25,,,agent.ping.roundtriptime,2022-01-23T21:00:48,pop-os
Counter,15961,,,agent.ping.count,2022-01-23T21:00:48,pop-os
Measurement,17,,,agent.ping.roundtriptime,2022-01-23T21:00:45,pop-os
Counter,15960,,,agent.ping.count,2022-01-23T21:00:45,pop-os
Measurement,18,,,agent.ping.roundtriptime,2022-01-23T21:00:43,pop-os
Measurement,0,2022-01-23T20:43:39,2022-01-23T21:00:43,agent.ping.average.failure,2022-01-23T21:00:43,pop-os
Counter,15959,,,agent.ping.count,2022-01-23T21:00:43,pop-os
Counter,15958,,,agent.ping.count,2022-01-23T21:00:41,pop-os
Measurement,14,,,agent.ping.roundtriptime,2022-01-23T21:00:41,pop-os
Measurement,14,,,agent.ping.roundtriptime,2022-01-23T21:00:39,pop-os
Counter,15957,,,agent.ping.count,2022-01-23T21:00:39,pop-os
Measurement,14,,,agent.ping.roundtriptime,2022-01-23T21:00:37,pop-os
Counter,15956,,,agent.ping.count,2022-01-23T21:00:37,pop-os
Measurement,17,,,agent.ping.roundtriptime,2022-01-23T21:00:35,pop-os
Counter,15955,,,agent.ping.count,2022-01-23T21:00:35,pop-os
Measurement,12,,,agent.ping.roundtriptime,2022-01-23T21:00:33,pop-os
Counter,15954,,,agent.ping.count,2022-01-23T21:00:33,pop-os
Counter,15953,,,agent.ping.count,2022-01-23T21:00:31,pop-os
Measurement,22,,,agent.ping.roundtriptime,2022-01-23T21:00:31,pop-os
Measurement,16,,,agent.ping.roundtriptime,2022-01-23T21:00:29,pop-os
Counter,15952,,,agent.ping.count,2022-01-23T21:00:29,pop-os
Measurement,49,,,agent.ping.roundtriptime,2022-01-23T21:00:27,pop-os
Counter,15951,,,agent.ping.count,2022-01-23T21:00:27,pop-os
Measurement,24,,,agent.ping.roundtriptime,2022-01-23T21:00:25,pop-os
Counter,15950,,,agent.ping.count,2022-01-23T21:00:25,pop-os
Measurement,17,,,agent.ping.roundtriptime,2022-01-23T21:00:23,pop-os
Measurement,0,2022-01-23T20:43:39,2022-01-23T21:00:23,agent.ping.average.failure,2022-01-23T21:00:23,pop-os
Counter,15949,,,agent.ping.count,2022-01-23T21:00:23,pop-os
Measurement,20,,,agent.ping.roundtriptime,2022-01-23T21:00:21,pop-os
Counter,15948,,,agent.ping.count,2022-01-23T21:00:21,pop-os
Measurement,12,,,agent.ping.roundtriptime,2022-01-23T21:00:19,pop-os
Counter,15947,,,agent.ping.count,2022-01-23T21:00:19,pop-os
Measurement,19,,,agent.ping.roundtriptime,2022-01-23T21:00:17,pop-os
Counter,15946,,,agent.ping.count,2022-01-23T21:00:17,pop-os
Measurement,54,,,agent.ping.roundtriptime,2022-01-23T21:00:15,pop-os
Counter,15945,,,agent.ping.count,2022-01-23T21:00:15,pop-os
Measurement,13,,,agent.ping.roundtriptime,2022-01-23T21:00:13,pop-os
Counter,15944,,,agent.ping.count,2022-01-23T21:00:13,pop-os
Measurement,81,,,agent.ping.roundtriptime,2022-01-23T21:00:11,pop-os
Counter,15943,,,agent.ping.count,2022-01-23T21:00:11,pop-os
Measurement,14,,,agent.ping.roundtriptime,2022-01-23T21:00:08,pop-os
Counter,15942,,,agent.ping.count,2022-01-23T21:00:08,pop-os
Measurement,30,,,agent.ping.roundtriptime,2022-01-23T21:00:06,pop-os
Counter,15941,,,agent.ping.count,2022-01-23T21:00:06,pop-os
Measurement,16,,,agent.ping.roundtriptime,2022-01-23T21:00:04,pop-os
Counter,15940,,,agent.ping.count,2022-01-23T21:00:04,pop-os
Measurement,13,,,agent.ping.roundtriptime,2022-01-23T21:00:02,pop-os
Counter,15939,,,agent.ping.count,2022-01-23T21:00:02,pop-os
Measurement,0,2022-01-23T20:43:39,2022-01-23T21:00:02,agent.ping.average.failure,2022-01-23T21:00:02,pop-os
Measurement,11,,,agent.ping.roundtriptime,2022-01-23T21:00:00,pop-os
Counter,15938,,,agent.ping.count,2022-01-23T21:00:00,pop-os
Measurement,14,,,agent.ping.roundtriptime,2022-01-23T20:59:58,pop-os
Counter,15937,,,agent.ping.count,2022-01-23T20:59:58,pop-os
Measurement,21,,,agent.ping.roundtriptime,2022-01-23T20:59:56,pop-os
Counter,15936,,,agent.ping.count,2022-01-23T20:59:56,pop-os
Measurement,14,,,agent.ping.roundtriptime,2022-01-23T20:59:54,pop-os
Counter,15935,,,agent.ping.count,2022-01-23T20:59:54,pop-os
Counter,15934,,,agent.ping.count,2022-01-23T20:59:52,pop-os
Measurement,13,,,agent.ping.roundtriptime,2022-01-23T20:59:52,pop-os
Measurement,21,,,agent.ping.roundtriptime,2022-01-23T20:59:50,pop-os
Counter,15933,,,agent.ping.count,2022-01-23T20:59:50,pop-os
Measurement,59,,,agent.ping.roundtriptime,2022-01-23T20:59:48,pop-os
Counter,15932,,,agent.ping.count,2022-01-23T20:59:48,pop-os
Measurement,14,,,agent.ping.roundtriptime,2022-01-23T20:59:46,pop-os
Counter,15931,,,agent.ping.count,2022-01-23T20:59:46,pop-os
Measurement,20,,,agent.ping.roundtriptime,2022-01-23T20:59:44,pop-os
Counter,15930,,,agent.ping.count,2022-01-23T20:59:44,pop-os
Counter,15929,,,agent.ping.count,2022-01-23T20:59:42,pop-os
Measurement,14,,,agent.ping.roundtriptime,2022-01-23T20:59:42,pop-os
Measurement,0,2022-01-23T20:43:39,2022-01-23T20:59:42,agent.ping.average.failure,2022-01-23T20:59:42,pop-os
Measurement,28,,,agent.ping.roundtriptime,2022-01-23T20:59:40,pop-os
Counter,15928,,,agent.ping.count,2022-01-23T20:59:40,pop-os
Measurement,13,,,agent.ping.roundtriptime,2022-01-23T20:59:38,pop-os
Counter,15927,,,agent.ping.count,2022-01-23T20:59:38,pop-os
Measurement,13,,,agent.ping.roundtriptime,2022-01-23T20:59:36,pop-os
Counter,15926,,,agent.ping.count,2022-01-23T20:59:36,pop-os
Measurement,16,,,agent.ping.roundtriptime,2022-01-23T20:59:34,pop-os
Counter,15925,,,agent.ping.count,2022-01-23T20:59:34,pop-os
Measurement,24,,,agent.ping.roundtriptime,2022-01-23T20:59:31,pop-os
Counter,15924,,,agent.ping.count,2022-01-23T20:59:31,pop-os
Measurement,13,,,agent.ping.roundtriptime,2022-01-23T20:59:29,pop-os
Counter,15923,,,agent.ping.count,2022-01-23T20:59:29,pop-os
Measurement,17,,,agent.ping.roundtriptime,2022-01-23T20:59:27,pop-os
Counter,15922,,,agent.ping.count,2022-01-23T20:59:27,pop-os
Measurement,13,,,agent.ping.roundtriptime,2022-01-23T20:59:25,pop-os
Counter,15921,,,agent.ping.count,2022-01-23T20:59:25,pop-os
Measurement,19,,,agent.ping.roundtriptime,2022-01-23T20:59:23,pop-os
Counter,15920,,,agent.ping.count,2022-01-23T20:59:23,pop-os
Measurement,16,,,agent.ping.roundtriptime,2022-01-23T20:59:21,pop-os
Measurement,0,2022-01-23T20:43:39,2022-01-23T20:59:21,agent.ping.average.failure,2022-01-23T20:59:21,pop-os
Counter,15919,,,agent.ping.count,2022-01-23T20:59:21,pop-os
Measurement,25,,,agent.ping.roundtriptime,2022-01-23T20:59:19,pop-os
Counter,15918,,,agent.ping.count,2022-01-23T20:59:19,pop-os
Measurement,14,,,agent.ping.roundtriptime,2022-01-23T20:59:17,pop-os
Counter,15917,,,agent.ping.count,2022-01-23T20:59:17,pop-os
Measurement,14,,,agent.ping.roundtriptime,2022-01-23T20:59:15,pop-os
Counter,15916,,,agent.ping.count,2022-01-23T20:59:15,pop-os
Counter,15915,,,agent.ping.count,2022-01-23T20:59:13,pop-os
Measurement,12,,,agent.ping.roundtriptime,2022-01-23T20:59:13,pop-os
Measurement,27,,,agent.ping.roundtriptime,2022-01-23T20:59:11,pop-os
Counter,15914,,,agent.ping.count,2022-01-23T20:59:11,pop-os
Measurement,13,,,agent.ping.roundtriptime,2022-01-23T20:59:09,pop-os
Counter,15913,,,agent.ping.count,2022-01-23T20:59:09,pop-os
Measurement,12,,,agent.ping.roundtriptime,2022-01-23T20:59:07,pop-os
Counter,15912,,,agent.ping.count,2022-01-23T20:59:07,pop-os
Measurement,15,,,agent.ping.roundtriptime,2022-01-23T20:59:05,pop-os
Counter,15911,,,agent.ping.count,2022-01-23T20:59:05,pop-os
Counter,15910,,,agent.ping.count,2022-01-23T20:59:03,pop-os
Measurement,21,,,agent.ping.roundtriptime,2022-01-23T20:59:03,pop-os
Measurement,18,,,agent.ping.roundtriptime,2022-01-23T20:59:01,pop-os
Measurement,0,2022-01-23T20:43:39,2022-01-23T20:59:01,agent.ping.average.failure,2022-01-23T20:59:01,pop-os
Counter,15909,,,agent.ping.count,2022-01-23T20:59:01,pop-os
Measurement,14,,,agent.ping.roundtriptime,2022-01-23T20:58:59,pop-os
Counter,15908,,,agent.ping.count,2022-01-23T20:58:59,pop-os
Measurement,28,,,agent.ping.roundtriptime,2022-01-23T20:58:57,pop-os
Counter,15907,,,agent.ping.count,2022-01-23T20:58:57,pop-os
Measurement,28,,,agent.ping.roundtriptime,2022-01-23T20:58:55,pop-os
Counter,15906,,,agent.ping.count,2022-01-23T20:58:55,pop-os
Measurement,18,,,agent.ping.roundtriptime,2022-01-23T20:58:53,pop-os
Counter,15905,,,agent.ping.count,2022-01-23T20:58:53,pop-os
Measurement,12,,,agent.ping.roundtriptime,2022-01-23T20:58:50,pop-os
Counter,15904,,,agent.ping.count,2022-01-23T20:58:50,pop-os
Measurement,16,,,agent.ping.roundtriptime,2022-01-23T20:58:48,pop-os
Counter,15903,,,agent.ping.count,2022-01-23T20:58:48,pop-os
Measurement,22,,,agent.ping.roundtriptime,2022-01-23T20:58:46,pop-os
Counter,15902,,,agent.ping.count,2022-01-23T20:58:46,pop-os
Measurement,15,,,agent.ping.roundtriptime,2022-01-23T20:58:44,pop-os
Counter,15901,,,agent.ping.count,2022-01-23T20:58:44,pop-os
Measurement,14,,,agent.ping.roundtriptime,2022-01-23T20:58:42,pop-os
Counter,15900,,,agent.ping.count,2022-01-23T20:58:42,pop-os
Measurement,12,,,agent.ping.roundtriptime,2022-01-23T20:58:40,pop-os
Measurement,0,2022-01-23T20:43:39,2022-01-23T20:58:40,agent.ping.average.failure,2022-01-23T20:58:40,pop-os
Counter,15899,,,agent.ping.count,2022-01-23T20:58:40,pop-os
Measurement,1,,,pop-os.heartbeat,2022-01-23T20:58:39,pop-os
Measurement,16,,,agent.ping.roundtriptime,2022-01-23T20:58:38,pop-os
Counter,15898,,,agent.ping.count,2022-01-23T20:58:38,pop-os
Measurement,12,,,agent.ping.roundtriptime,2022-01-23T20:58:36,pop-os
Counter,15897,,,agent.ping.count,2022-01-23T20:58:36,pop-os
Counter,15896,,,agent.ping.count,2022-01-23T20:58:34,pop-os
Measurement,46,,,agent.ping.roundtriptime,2022-01-23T20:58:34,pop-os
Measurement,11,,,agent.ping.roundtriptime,2022-01-23T20:58:32,pop-os
Counter,15895,,,agent.ping.count,2022-01-23T20:58:32,pop-os
Measurement,18,,,agent.ping.roundtriptime,2022-01-23T20:58:30,pop-os
Counter,15894,,,agent.ping.count,2022-01-23T20:58:30,pop-os
Measurement,13,,,agent.ping.roundtriptime,2022-01-23T20:58:28,pop-os
Counter,15893,,,agent.ping.count,2022-01-23T20:58:28,pop-os
Measurement,16,,,agent.ping.roundtriptime,2022-01-23T20:58:26,pop-os
Counter,15892,,,agent.ping.count,2022-01-23T20:58:26,pop-os
Counter,15891,,,agent.ping.count,2022-01-23T20:58:24,pop-os
Measurement,13,,,agent.ping.roundtriptime,2022-01-23T20:58:24,pop-os
Measurement,14,,,agent.ping.roundtriptime,2022-01-23T20:58:22,pop-os
Counter,15890,,,agent.ping.count,2022-01-23T20:58:22,pop-os
Measurement,17,,,agent.ping.roundtriptime,2022-01-23T20:58:20,pop-os
Measurement,0,2022-01-23T20:43:39,2022-01-23T20:58:20,agent.ping.average.failure,2022-01-23T20:58:20,pop-os
Counter,15889,,,agent.ping.count,2022-01-23T20:58:20,pop-os
Measurement,33,,,agent.ping.roundtriptime,2022-01-23T20:58:18,pop-os
Counter,15888,,,agent.ping.count,2022-01-23T20:58:18,pop-os
Measurement,13,,,agent.ping.roundtriptime,2022-01-23T20:58:16,pop-os
Counter,15887,,,agent.ping.count,2022-01-23T20:58:16,pop-os
Measurement,18,,,agent.ping.roundtriptime,2022-01-23T20:58:14,pop-os
Counter,15886,,,agent.ping.count,2022-01-23T20:58:14,pop-os
Measurement,14,,,agent.ping.roundtriptime,2022-01-23T20:58:12,pop-os
Counter,15885,,,agent.ping.count,2022-01-23T20:58:12,pop-os
Measurement,16,,,agent.ping.roundtriptime,2022-01-23T20:58:10,pop-os
Counter,15884,,,agent.ping.count,2022-01-23T20:58:10,pop-os
Measurement,20,,,agent.ping.roundtriptime,2022-01-23T20:58:08,pop-os
Counter,15883,,,agent.ping.count,2022-01-23T20:58:08,pop-os
Measurement,17,,,agent.ping.roundtriptime,2022-01-23T20:58:06,pop-os
Counter,15882,,,agent.ping.count,2022-01-23T20:58:06,pop-os
Measurement,12,,,agent.ping.roundtriptime,2022-01-23T20:58:03,pop-os
Counter,15881,,,agent.ping.count,2022-01-23T20:58:03,pop-os
Measurement,18,,,agent.ping.roundtriptime,2022-01-23T20:58:01,pop-os
Counter,15880,,,agent.ping.count,2022-01-23T20:58:01,pop-os
Measurement,13,,,agent.ping.roundtriptime,2022-01-23T20:57:59,pop-os
Measurement,0,2022-01-23T20:43:39,2022-01-23T20:57:59,agent.ping.average.failure,2022-01-23T20:57:59,pop-os
Counter,15879,,,agent.ping.count,2022-01-23T20:57:59,pop-os
Measurement,18,,,agent.ping.roundtriptime,2022-01-23T20:57:57,pop-os
Counter,15878,,,agent.ping.count,2022-01-23T20:57:57,pop-os
Counter,15877,,,agent.ping.count,2022-01-23T20:57:55,pop-os
Measurement,27,,,agent.ping.roundtriptime,2022-01-23T20:57:55,pop-os
Measurement,13,,,agent.ping.roundtriptime,2022-01-23T20:57:53,pop-os
Counter,15876,,,agent.ping.count,2022-01-23T20:57:53,pop-os
Measurement,24,,,agent.ping.roundtriptime,2022-01-23T20:57:51,pop-os
Counter,15875,,,agent.ping.count,2022-01-23T20:57:51,pop-os
Measurement,68,,,agent.ping.roundtriptime,2022-01-23T20:57:49,pop-os
Counter,15874,,,agent.ping.count,2022-01-23T20:57:49,pop-os
Measurement,42,,,agent.ping.roundtriptime,2022-01-23T20:57:47,pop-os
Counter,15873,,,agent.ping.count,2022-01-23T20:57:47,pop-os
Counter,15872,,,agent.ping.count,2022-01-23T20:57:45,pop-os
Measurement,14,,,agent.ping.roundtriptime,2022-01-23T20:57:45,pop-os
Measurement,66,,,agent.ping.roundtriptime,2022-01-23T20:57:43,pop-os
Counter,15871,,,agent.ping.count,2022-01-23T20:57:43,pop-os
Measurement,11,,,agent.ping.roundtriptime,2022-01-23T20:57:41,pop-os
Counter,15870,,,agent.ping.count,2022-01-23T20:57:41,pop-os
Measurement,20,,,agent.ping.roundtriptime,2022-01-23T20:57:39,pop-os
Measurement,0,2022-01-23T20:43:39,2022-01-23T20:57:39,agent.ping.average.failure,2022-01-23T20:57:39,pop-os
Counter,15869,,,agent.ping.count,2022-01-23T20:57:39,pop-os
Measurement,34,,,agent.ping.roundtriptime,2022-01-23T20:57:37,pop-os
Counter,15868,,,agent.ping.count,2022-01-23T20:57:37,pop-os
Measurement,12,,,agent.ping.roundtriptime,2022-01-23T20:57:35,pop-os
Counter,15867,,,agent.ping.count,2022-01-23T20:57:35,pop-os
Measurement,17,,,agent.ping.roundtriptime,2022-01-23T20:57:33,pop-os
Counter,15866,,,agent.ping.count,2022-01-23T20:57:33,pop-os
Measurement,13,,,agent.ping.roundtriptime,2022-01-23T20:57:31,pop-os
Counter,15865,,,agent.ping.count,2022-01-23T20:57:31,pop-os
Measurement,13,,,agent.ping.roundtriptime,2022-01-23T20:57:29,pop-os
Counter,15864,,,agent.ping.count,2022-01-23T20:57:29,pop-os
Measurement,27,,,agent.ping.roundtriptime,2022-01-23T20:57:27,pop-os
Counter,15863,,,agent.ping.count,2022-01-23T20:57:27,pop-os
Measurement,48,,,agent.ping.roundtriptime,2022-01-23T20:57:24,pop-os
Counter,15862,,,agent.ping.count,2022-01-23T20:57:24,pop-os
Measurement,14,,,agent.ping.roundtriptime,2022-01-23T20:57:22,pop-os
Counter,15861,,,agent.ping.count,2022-01-23T20:57:22,pop-os
Measurement,14,,,agent.ping.roundtriptime,2022-01-23T20:57:20,pop-os
Counter,15860,,,agent.ping.count,2022-01-23T20:57:20,pop-os
Measurement,15,,,agent.ping.roundtriptime,2022-01-23T20:57:18,pop-os
Measurement,0,2022-01-23T20:43:39,2022-01-23T20:57:18,agent.ping.average.failure,2022-01-23T20:57:18,pop-os
Counter,15859,,,agent.ping.count,2022-01-23T20:57:18,pop-os
Counter,15858,,,agent.ping.count,2022-01-23T20:57:16,pop-os
Measurement,18,,,agent.ping.roundtriptime,2022-01-23T20:57:16,pop-os
Measurement,20,,,agent.ping.roundtriptime,2022-01-23T20:57:14,pop-os
Counter,15857,,,agent.ping.count,2022-01-23T20:57:14,pop-os
Measurement,15,,,agent.ping.roundtriptime,2022-01-23T20:57:12,pop-os
Counter,15856,,,agent.ping.count,2022-01-23T20:57:12,pop-os
Measurement,15,,,agent.ping.roundtriptime,2022-01-23T20:57:10,pop-os
Counter,15855,,,agent.ping.count,2022-01-23T20:57:10,pop-os
Measurement,54,,,agent.ping.roundtriptime,2022-01-23T20:57:08,pop-os
Counter,15854,,,agent.ping.count,2022-01-23T20:57:08,pop-os
Counter,15853,,,agent.ping.count,2022-01-23T20:57:06,pop-os
Measurement,12,,,agent.ping.roundtriptime,2022-01-23T20:57:06,pop-os
Measurement,13,,,agent.ping.roundtriptime,2022-01-23T20:57:04,pop-os
Counter,15852,,,agent.ping.count,2022-01-23T20:57:04,pop-os
Measurement,18,,,agent.ping.roundtriptime,2022-01-23T20:57:02,pop-os
Counter,15851,,,agent.ping.count,2022-01-23T20:57:02,pop-os
Measurement,12,,,agent.ping.roundtriptime,2022-01-23T20:57:00,pop-os
Counter,15850,,,agent.ping.count,2022-01-23T20:57:00,pop-os
Measurement,16,,,agent.ping.roundtriptime,2022-01-23T20:56:58,pop-os
Measurement,1,2022-01-23T20:43:39,2022-01-23T20:56:58,agent.ping.average.failure,2022-01-23T20:56:58,pop-os
Counter,15849,,,agent.ping.count,2022-01-23T20:56:58,pop-os
Measurement,19,,,agent.ping.roundtriptime,2022-01-23T20:56:56,pop-os
Counter,15848,,,agent.ping.count,2022-01-23T20:56:56,pop-os
Measurement,13,,,agent.ping.roundtriptime,2022-01-23T20:56:54,pop-os
Counter,15847,,,agent.ping.count,2022-01-23T20:56:54,pop-os
Measurement,11,,,agent.ping.roundtriptime,2022-01-23T20:56:52,pop-os
Counter,15846,,,agent.ping.count,2022-01-23T20:56:52,pop-os
Measurement,15,,,agent.ping.roundtriptime,2022-01-23T20:56:50,pop-os
Counter,15845,,,agent.ping.count,2022-01-23T20:56:50,pop-os
Measurement,18,,,agent.ping.roundtriptime,2022-01-23T20:56:48,pop-os
Counter,15844,,,agent.ping.count,2022-01-23T20:56:48,pop-os
Measurement,14,,,agent.ping.roundtriptime,2022-01-23T20:56:45,pop-os
Counter,15843,,,agent.ping.count,2022-01-23T20:56:45,pop-os
Measurement,16,,,agent.ping.roundtriptime,2022-01-23T20:56:43,pop-os
Counter,15842,,,agent.ping.count,2022-01-23T20:56:43,pop-os
Measurement,12,,,agent.ping.roundtriptime,2022-01-23T20:56:41,pop-os
Counter,15841,,,agent.ping.count,2022-01-23T20:56:41,pop-os
Counter,15840,,,agent.ping.count,2022-01-23T20:56:39,pop-os
Measurement,1,2022-01-23T20:43:39,2022-01-23T20:56:37,agent.ping.average.failure,2022-01-23T20:56:37,pop-os
Counter,15839,,,agent.ping.count,2022-01-23T20:56:37,pop-os
Counter,15838,,,agent.ping.count,2022-01-23T20:56:35,pop-os
Counter,15837,,,agent.ping.count,2022-01-23T20:56:33,pop-os
Measurement,26,,,agent.ping.roundtriptime,2022-01-23T20:56:31,pop-os
Counter,15836,,,agent.ping.count,2022-01-23T20:56:31,pop-os
Measurement,13,,,agent.ping.roundtriptime,2022-01-23T20:56:29,pop-os
Counter,15835,,,agent.ping.count,2022-01-23T20:56:29,pop-os
Measurement,18,,,agent.ping.roundtriptime,2022-01-23T20:56:27,pop-os
Counter,15834,,,agent.ping.count,2022-01-23T20:56:27,pop-os
Measurement,14,,,agent.ping.roundtriptime,2022-01-23T20:56:25,pop-os
Counter,15833,,,agent.ping.count,2022-01-23T20:56:25,pop-os
Counter,15832,,,agent.ping.count,2022-01-23T20:56:23,pop-os
Measurement,13,,,agent.ping.roundtriptime,2022-01-23T20:56:22,pop-os
Measurement,14,,,agent.ping.roundtriptime,2022-01-23T20:56:20,pop-os
Counter,15831,,,agent.ping.count,2022-01-23T20:56:20,pop-os
Measurement,78,,,agent.ping.roundtriptime,2022-01-23T20:56:18,pop-os
Counter,15830,,,agent.ping.count,2022-01-23T20:56:18,pop-os
Measurement,22,,,agent.ping.roundtriptime,2022-01-23T20:56:16,pop-os
Measurement,0,2022-01-23T20:43:39,2022-01-23T20:56:16,agent.ping.average.failure,2022-01-23T20:56:16,pop-os
Counter,15829,,,agent.ping.count,2022-01-23T20:56:16,pop-os
Measurement,16,,,agent.ping.roundtriptime,2022-01-23T20:56:14,pop-os
Counter,15828,,,agent.ping.count,2022-01-23T20:56:14,pop-os
Measurement,50,,,agent.ping.roundtriptime,2022-01-23T20:56:12,pop-os
Counter,15827,,,agent.ping.count,2022-01-23T20:56:12,pop-os
Measurement,12,,,agent.ping.roundtriptime,2022-01-23T20:56:10,pop-os
Counter,15826,,,agent.ping.count,2022-01-23T20:56:10,pop-os
Measurement,16,,,agent.ping.roundtriptime,2022-01-23T20:56:08,pop-os
Counter,15825,,,agent.ping.count,2022-01-23T20:56:08,pop-os
Measurement,17,,,agent.ping.roundtriptime,2022-01-23T20:56:06,pop-os
Counter,15824,,,agent.ping.count,2022-01-23T20:56:06,pop-os
Measurement,13,,,agent.ping.roundtriptime,2022-01-23T20:56:04,pop-os
Counter,15823,,,agent.ping.count,2022-01-23T20:56:04,pop-os
Measurement,14,,,agent.ping.roundtriptime,2022-01-23T20:56:02,pop-os
Counter,15822,,,agent.ping.count,2022-01-23T20:56:02,pop-os
Measurement,14,,,agent.ping.roundtriptime,2022-01-23T20:56:00,pop-os
Counter,15821,,,agent.ping.count,2022-01-23T20:56:00,pop-os
Measurement,14,,,agent.ping.roundtriptime,2022-01-23T20:55:58,pop-os
Counter,15820,,,agent.ping.count,2022-01-23T20:55:58,pop-os
Measurement,14,,,agent.ping.roundtriptime,2022-01-23T20:55:56,pop-os
Measurement,0,2022-01-23T20:43:39,2022-01-23T20:55:56,agent.ping.average.failure,2022-01-23T20:55:56,pop-os
Counter,15819,,,agent.ping.count,2022-01-23T20:55:56,pop-os
Counter,15818,,,agent.ping.count,2022-01-23T20:55:54,pop-os
Measurement,16,,,agent.ping.roundtriptime,2022-01-23T20:55:54,pop-os
Measurement,11,,,agent.ping.roundtriptime,2022-01-23T20:55:52,pop-os
Counter,15817,,,agent.ping.count,2022-01-23T20:55:52,pop-os
Measurement,18,,,agent.ping.roundtriptime,2022-01-23T20:55:50,pop-os
Counter,15816,,,agent.ping.count,2022-01-23T20:55:50,pop-os
Measurement,13,,,agent.ping.roundtriptime,2022-01-23T20:55:48,pop-os
Counter,15815,,,agent.ping.count,2022-01-23T20:55:48,pop-os
Measurement,14,,,agent.ping.roundtriptime,2022-01-23T20:55:46,pop-os
Counter,15814,,,agent.ping.count,2022-01-23T20:55:46,pop-os
Counter,15813,,,agent.ping.count,2022-01-23T20:55:44,pop-os
Measurement,15,,,agent.ping.roundtriptime,2022-01-23T20:55:43,pop-os
Measurement,12,,,agent.ping.roundtriptime,2022-01-23T20:55:41,pop-os
Counter,15812,,,agent.ping.count,2022-01-23T20:55:41,pop-os
Measurement,16,,,agent.ping.roundtriptime,2022-01-23T20:55:39,pop-os
Counter,15811,,,agent.ping.count,2022-01-23T20:55:39,pop-os
Measurement,19,,,agent.ping.roundtriptime,2022-01-23T20:55:37,pop-os
Counter,15810,,,agent.ping.count,2022-01-23T20:55:37,pop-os
Measurement,13,,,agent.ping.roundtriptime,2022-01-23T20:55:35,pop-os
Measurement,0,2022-01-23T20:43:39,2022-01-23T20:55:35,agent.ping.average.failure,2022-01-23T20:55:35,pop-os
Counter,15809,,,agent.ping.count,2022-01-23T20:55:35,pop-os
Measurement,16,,,agent.ping.roundtriptime,2022-01-23T20:55:33,pop-os
Counter,15808,,,agent.ping.count,2022-01-23T20:55:33,pop-os
Measurement,14,,,agent.ping.roundtriptime,2022-01-23T20:55:31,pop-os
Counter,15807,,,agent.ping.count,2022-01-23T20:55:31,pop-os
Measurement,23,,,agent.ping.roundtriptime,2022-01-23T20:55:29,pop-os
Counter,15806,,,agent.ping.count,2022-01-23T20:55:29,pop-os
Measurement,18,,,agent.ping.roundtriptime,2022-01-23T20:55:27,pop-os
Counter,15805,,,agent.ping.count,2022-01-23T20:55:27,pop-os
Measurement,19,,,agent.ping.roundtriptime,2022-01-23T20:55:25,pop-os
Counter,15804,,,agent.ping.count,2022-01-23T20:55:25,pop-os
Measurement,58,,,agent.ping.roundtriptime,2022-01-23T20:55:23,pop-os
Counter,15803,,,agent.ping.count,2022-01-23T20:55:23,pop-os
Measurement,20,,,agent.ping.roundtriptime,2022-01-23T20:55:21,pop-os
Counter,15802,,,agent.ping.count,2022-01-23T20:55:21,pop-os
Measurement,25,,,agent.ping.roundtriptime,2022-01-23T20:55:19,pop-os
Counter,15801,,,agent.ping.count,2022-01-23T20:55:19,pop-os
Measurement,21,,,agent.ping.roundtriptime,2022-01-23T20:55:17,pop-os
Counter,15800,,,agent.ping.count,2022-01-23T20:55:17,pop-os
Measurement,99,,,agent.ping.roundtriptime,2022-01-23T20:55:15,pop-os
Counter,15799,,,agent.ping.count,2022-01-23T20:55:15,pop-os
Measurement,0,2022-01-23T20:43:39,2022-01-23T20:55:15,agent.ping.average.failure,2022-01-23T20:55:15,pop-os
Measurement,13,,,agent.ping.roundtriptime,2022-01-23T20:55:13,pop-os
Counter,15798,,,agent.ping.count,2022-01-23T20:55:13,pop-os
Measurement,11,,,agent.ping.roundtriptime,2022-01-23T20:55:11,pop-os
Counter,15797,,,agent.ping.count,2022-01-23T20:55:11,pop-os
Measurement,12,,,agent.ping.roundtriptime,2022-01-23T20:55:08,pop-os
Counter,15796,,,agent.ping.count,2022-01-23T20:55:08,pop-os
Measurement,25,,,agent.ping.roundtriptime,2022-01-23T20:55:06,pop-os
Counter,15795,,,agent.ping.count,2022-01-23T20:55:06,pop-os
Counter,15794,,,agent.ping.count,2022-01-23T20:55:04,pop-os
Measurement,24,,,agent.ping.roundtriptime,2022-01-23T20:55:04,pop-os
Measurement,31,,,agent.ping.roundtriptime,2022-01-23T20:55:02,pop-os
Counter,15793,,,agent.ping.count,2022-01-23T20:55:02,pop-os
Measurement,17,,,agent.ping.roundtriptime,2022-01-23T20:55:00,pop-os
Counter,15792,,,agent.ping.count,2022-01-23T20:55:00,pop-os
Measurement,12,,,agent.ping.roundtriptime,2022-01-23T20:54:58,pop-os
Counter,15791,,,agent.ping.count,2022-01-23T20:54:58,pop-os
Measurement,22,,,agent.ping.roundtriptime,2022-01-23T20:54:56,pop-os
Counter,15790,,,agent.ping.count,2022-01-23T20:54:56,pop-os
Counter,15789,,,agent.ping.count,2022-01-23T20:54:54,pop-os
Measurement,22,,,agent.ping.roundtriptime,2022-01-23T20:54:54,pop-os
Measurement,0,2022-01-23T20:43:39,2022-01-23T20:54:54,agent.ping.average.failure,2022-01-23T20:54:54,pop-os
Measurement,15,,,agent.ping.roundtriptime,2022-01-23T20:54:52,pop-os
Counter,15788,,,agent.ping.count,2022-01-23T20:54:52,pop-os
Measurement,15,,,agent.ping.roundtriptime,2022-01-23T20:54:50,pop-os
Counter,15787,,,agent.ping.count,2022-01-23T20:54:50,pop-os
Measurement,13,,,agent.ping.roundtriptime,2022-01-23T20:54:48,pop-os
Counter,15786,,,agent.ping.count,2022-01-23T20:54:48,pop-os
Measurement,12,,,agent.ping.roundtriptime,2022-01-23T20:54:46,pop-os
Counter,15785,,,agent.ping.count,2022-01-23T20:54:46,pop-os
Measurement,12,,,agent.ping.roundtriptime,2022-01-23T20:54:44,pop-os
Counter,15784,,,agent.ping.count,2022-01-23T20:54:44,pop-os
Measurement,17,,,agent.ping.roundtriptime,2022-01-23T20:54:42,pop-os
Counter,15783,,,agent.ping.count,2022-01-23T20:54:42,pop-os
Measurement,16,,,agent.ping.roundtriptime,2022-01-23T20:54:40,pop-os
Counter,15782,,,agent.ping.count,2022-01-23T20:54:40,pop-os
Measurement,15,,,agent.ping.roundtriptime,2022-01-23T20:54:38,pop-os
Counter,15781,,,agent.ping.count,2022-01-23T20:54:38,pop-os
Measurement,12,,,agent.ping.roundtriptime,2022-01-23T20:54:36,pop-os
Counter,15780,,,agent.ping.count,2022-01-23T20:54:36,pop-os
Measurement,16,,,agent.ping.roundtriptime,2022-01-23T20:54:34,pop-os
Measurement,0,2022-01-23T20:43:39,2022-01-23T20:54:34,agent.ping.average.failure,2022-01-23T20:54:34,pop-os
Counter,15779,,,agent.ping.count,2022-01-23T20:54:34,pop-os
Measurement,19,,,agent.ping.roundtriptime,2022-01-23T20:54:32,pop-os
Counter,15778,,,agent.ping.count,2022-01-23T20:54:32,pop-os
Measurement,16,,,agent.ping.roundtriptime,2022-01-23T20:54:30,pop-os
Counter,15777,,,agent.ping.count,2022-01-23T20:54:30,pop-os
Measurement,13,,,agent.ping.roundtriptime,2022-01-23T20:54:28,pop-os
Counter,15776,,,agent.ping.count,2022-01-23T20:54:28,pop-os
Counter,15775,,,agent.ping.count,2022-01-23T20:54:25,pop-os
Measurement,12,,,agent.ping.roundtriptime,2022-01-23T20:54:25,pop-os
Measurement,12,,,agent.ping.roundtriptime,2022-01-23T20:54:23,pop-os
Counter,15774,,,agent.ping.count,2022-01-23T20:54:23,pop-os
Measurement,18,,,agent.ping.roundtriptime,2022-01-23T20:54:21,pop-os
Counter,15773,,,agent.ping.count,2022-01-23T20:54:21,pop-os
Measurement,12,,,agent.ping.roundtriptime,2022-01-23T20:54:19,pop-os
Counter,15772,,,agent.ping.count,2022-01-23T20:54:19,pop-os
Measurement,12,,,agent.ping.roundtriptime,2022-01-23T20:54:17,pop-os
Counter,15771,,,agent.ping.count,2022-01-23T20:54:17,pop-os
Counter,15770,,,agent.ping.count,2022-01-23T20:54:15,pop-os
Measurement,24,,,agent.ping.roundtriptime,2022-01-23T20:54:15,pop-os
Measurement,17,,,agent.ping.roundtriptime,2022-01-23T20:54:13,pop-os
Measurement,0,2022-01-23T20:43:39,2022-01-23T20:54:13,agent.ping.average.failure,2022-01-23T20:54:13,pop-os
Counter,15769,,,agent.ping.count,2022-01-23T20:54:13,pop-os
Measurement,20,,,agent.ping.roundtriptime,2022-01-23T20:54:11,pop-os
Counter,15768,,,agent.ping.count,2022-01-23T20:54:11,pop-os
Measurement,13,,,agent.ping.roundtriptime,2022-01-23T20:54:09,pop-os
Counter,15767,,,agent.ping.count,2022-01-23T20:54:09,pop-os
Measurement,15,,,agent.ping.roundtriptime,2022-01-23T20:54:07,pop-os
Counter,15766,,,agent.ping.count,2022-01-23T20:54:07,pop-os
Measurement,13,,,agent.ping.roundtriptime,2022-01-23T20:54:05,pop-os
Counter,15765,,,agent.ping.count,2022-01-23T20:54:05,pop-os
Measurement,17,,,agent.ping.roundtriptime,2022-01-23T20:54:03,pop-os
Counter,15764,,,agent.ping.count,2022-01-23T20:54:03,pop-os
Measurement,15,,,agent.ping.roundtriptime,2022-01-23T20:54:01,pop-os
Counter,15763,,,agent.ping.count,2022-01-23T20:54:01,pop-os
Measurement,50,,,agent.ping.roundtriptime,2022-01-23T20:53:59,pop-os
Counter,15762,,,agent.ping.count,2022-01-23T20:53:59,pop-os
Measurement,11,,,agent.ping.roundtriptime,2022-01-23T20:53:57,pop-os
Counter,15761,,,agent.ping.count,2022-01-23T20:53:57,pop-os
Measurement,27,,,agent.ping.roundtriptime,2022-01-23T20:53:55,pop-os
Counter,15760,,,agent.ping.count,2022-01-23T20:53:55,pop-os
Measurement,12,,,agent.ping.roundtriptime,2022-01-23T20:53:53,pop-os
Measurement,0,2022-01-23T20:43:39,2022-01-23T20:53:53,agent.ping.average.failure,2022-01-23T20:53:53,pop-os
Counter,15759,,,agent.ping.count,2022-01-23T20:53:53,pop-os
Measurement,56,,,agent.ping.roundtriptime,2022-01-23T20:53:51,pop-os
Counter,15758,,,agent.ping.count,2022-01-23T20:53:51,pop-os
Measurement,14,,,agent.ping.roundtriptime,2022-01-23T20:53:49,pop-os
Counter,15757,,,agent.ping.count,2022-01-23T20:53:49,pop-os
Counter,15756,,,agent.ping.count,2022-01-23T20:53:47,pop-os
Measurement,18,,,agent.ping.roundtriptime,2022-01-23T20:53:46,pop-os
Measurement,26,,,agent.ping.roundtriptime,2022-01-23T20:53:44,pop-os
Counter,15755,,,agent.ping.count,2022-01-23T20:53:44,pop-os
Measurement,24,,,agent.ping.roundtriptime,2022-01-23T20:53:42,pop-os
Counter,15754,,,agent.ping.count,2022-01-23T20:53:42,pop-os
Measurement,13,,,agent.ping.roundtriptime,2022-01-23T20:53:40,pop-os
Counter,15753,,,agent.ping.count,2022-01-23T20:53:40,pop-os
Measurement,11,,,agent.ping.roundtriptime,2022-01-23T20:53:38,pop-os
Counter,15752,,,agent.ping.count,2022-01-23T20:53:38,pop-os
Counter,15751,,,agent.ping.count,2022-01-23T20:53:36,pop-os
Measurement,72,,,agent.ping.roundtriptime,2022-01-23T20:53:36,pop-os
Measurement,12,,,agent.ping.roundtriptime,2022-01-23T20:53:34,pop-os
Counter,15750,,,agent.ping.count,2022-01-23T20:53:34,pop-os
Measurement,12,,,agent.ping.roundtriptime,2022-01-23T20:53:32,pop-os
Measurement,0,2022-01-23T20:43:39,2022-01-23T20:53:32,agent.ping.average.failure,2022-01-23T20:53:32,pop-os
Counter,15749,,,agent.ping.count,2022-01-23T20:53:32,pop-os
Measurement,12,,,agent.ping.roundtriptime,2022-01-23T20:53:30,pop-os
Counter,15748,,,agent.ping.count,2022-01-23T20:53:30,pop-os
Measurement,14,,,agent.ping.roundtriptime,2022-01-23T20:53:28,pop-os
Counter,15747,,,agent.ping.count,2022-01-23T20:53:28,pop-os
Measurement,11,,,agent.ping.roundtriptime,2022-01-23T20:53:26,pop-os
Counter,15746,,,agent.ping.count,2022-01-23T20:53:26,pop-os
Measurement,14,,,agent.ping.roundtriptime,2022-01-23T20:53:24,pop-os
Counter,15745,,,agent.ping.count,2022-01-23T20:53:24,pop-os
Measurement,12,,,agent.ping.roundtriptime,2022-01-23T20:53:22,pop-os
Counter,15744,,,agent.ping.count,2022-01-23T20:53:22,pop-os
Measurement,17,,,agent.ping.roundtriptime,2022-01-23T20:53:20,pop-os
Counter,15743,,,agent.ping.count,2022-01-23T20:53:20,pop-os
Measurement,13,,,agent.ping.roundtriptime,2022-01-23T20:53:18,pop-os
Counter,15742,,,agent.ping.count,2022-01-23T20:53:18,pop-os
Measurement,13,,,agent.ping.roundtriptime,2022-01-23T20:53:16,pop-os
Counter,15741,,,agent.ping.count,2022-01-23T20:53:16,pop-os
Measurement,12,,,agent.ping.roundtriptime,2022-01-23T20:53:14,pop-os
Counter,15740,,,agent.ping.count,2022-01-23T20:53:14,pop-os
Measurement,18,,,agent.ping.roundtriptime,2022-01-23T20:53:12,pop-os
Measurement,0,2022-01-23T20:43:39,2022-01-23T20:53:12,agent.ping.average.failure,2022-01-23T20:53:12,pop-os
Counter,15739,,,agent.ping.count,2022-01-23T20:53:12,pop-os
Measurement,13,,,agent.ping.roundtriptime,2022-01-23T20:53:10,pop-os
Counter,15738,,,agent.ping.count,2022-01-23T20:53:10,pop-os
Counter,15737,,,agent.ping.count,2022-01-23T20:53:08,pop-os
Measurement,13,,,agent.ping.roundtriptime,2022-01-23T20:53:07,pop-os
Measurement,13,,,agent.ping.roundtriptime,2022-01-23T20:53:05,pop-os
Counter,15736,,,agent.ping.count,2022-01-23T20:53:05,pop-os
Measurement,15,,,agent.ping.roundtriptime,2022-01-23T20:53:03,pop-os
Counter,15735,,,agent.ping.count,2022-01-23T20:53:03,pop-os
Measurement,13,,,agent.ping.roundtriptime,2022-01-23T20:53:01,pop-os
Counter,15734,,,agent.ping.count,2022-01-23T20:53:01,pop-os
Measurement,11,,,agent.ping.roundtriptime,2022-01-23T20:52:59,pop-os
Counter,15733,,,agent.ping.count,2022-01-23T20:52:59,pop-os
Counter,15732,,,agent.ping.count,2022-01-23T20:52:57,pop-os
Measurement,11,,,agent.ping.roundtriptime,2022-01-23T20:52:57,pop-os
Measurement,13,,,agent.ping.roundtriptime,2022-01-23T20:52:55,pop-os
Counter,15731,,,agent.ping.count,2022-01-23T20:52:55,pop-os
Measurement,11,,,agent.ping.roundtriptime,2022-01-23T20:52:53,pop-os
Counter,15730,,,agent.ping.count,2022-01-23T20:52:53,pop-os
Measurement,13,,,agent.ping.roundtriptime,2022-01-23T20:52:51,pop-os
Measurement,0,2022-01-23T20:43:39,2022-01-23T20:52:51,agent.ping.average.failure,2022-01-23T20:52:51,pop-os
Counter,15729,,,agent.ping.count,2022-01-23T20:52:51,pop-os
Measurement,17,,,agent.ping.roundtriptime,2022-01-23T20:52:49,pop-os
Counter,15728,,,agent.ping.count,2022-01-23T20:52:49,pop-os
Measurement,24,,,agent.ping.roundtriptime,2022-01-23T20:52:47,pop-os
Counter,15727,,,agent.ping.count,2022-01-23T20:52:47,pop-os
Measurement,12,,,agent.ping.roundtriptime,2022-01-23T20:52:45,pop-os
Counter,15726,,,agent.ping.count,2022-01-23T20:52:45,pop-os
Measurement,12,,,agent.ping.roundtriptime,2022-01-23T20:52:43,pop-os
Counter,15725,,,agent.ping.count,2022-01-23T20:52:43,pop-os
Measurement,40,,,agent.ping.roundtriptime,2022-01-23T20:52:41,pop-os
Counter,15724,,,agent.ping.count,2022-01-23T20:52:41,pop-os
Measurement,27,,,agent.ping.roundtriptime,2022-01-23T20:52:39,pop-os
Counter,15723,,,agent.ping.count,2022-01-23T20:52:39,pop-os
Measurement,14,,,agent.ping.roundtriptime,2022-01-23T20:52:37,pop-os
Counter,15722,,,agent.ping.count,2022-01-23T20:52:37,pop-os
Measurement,34,,,agent.ping.roundtriptime,2022-01-23T20:52:35,pop-os
Counter,15721,,,agent.ping.count,2022-01-23T20:52:35,pop-os
Measurement,30,,,agent.ping.roundtriptime,2022-01-23T20:52:33,pop-os
Counter,15720,,,agent.ping.count,2022-01-23T20:52:33,pop-os
Measurement,56,,,agent.ping.roundtriptime,2022-01-23T20:52:31,pop-os
Measurement,1,2022-01-23T20:43:39,2022-01-23T20:52:31,agent.ping.average.failure,2022-01-23T20:52:31,pop-os
Counter,15719,,,agent.ping.count,2022-01-23T20:52:31,pop-os
Counter,15718,,,agent.ping.count,2022-01-23T20:52:29,pop-os
Measurement,11,,,agent.ping.roundtriptime,2022-01-23T20:52:28,pop-os
Measurement,11,,,agent.ping.roundtriptime,2022-01-23T20:52:26,pop-os
Counter,15717,,,agent.ping.count,2022-01-23T20:52:26,pop-os
Measurement,15,,,agent.ping.roundtriptime,2022-01-23T20:52:24,pop-os
Counter,15716,,,agent.ping.count,2022-01-23T20:52:24,pop-os
Measurement,12,,,agent.ping.roundtriptime,2022-01-23T20:52:22,pop-os
Counter,15715,,,agent.ping.count,2022-01-23T20:52:22,pop-os
Measurement,13,,,agent.ping.roundtriptime,2022-01-23T20:52:20,pop-os
Counter,15714,,,agent.ping.count,2022-01-23T20:52:20,pop-os
Counter,15713,,,agent.ping.count,2022-01-23T20:52:18,pop-os
Counter,15712,,,agent.ping.count,2022-01-23T20:52:16,pop-os
Counter,15711,,,agent.ping.count,2022-01-23T20:52:14,pop-os
Counter,15710,,,agent.ping.count,2022-01-23T20:52:12,pop-os
Measurement,0,2022-01-23T20:43:39,2022-01-23T20:52:10,agent.ping.average.failure,2022-01-23T20:52:10,pop-os
Counter,15709,,,agent.ping.count,2022-01-23T20:52:10,pop-os
Measurement,14,,,agent.ping.roundtriptime,2022-01-23T20:52:08,pop-os
Counter,15708,,,agent.ping.count,2022-01-23T20:52:08,pop-os
Measurement,13,,,agent.ping.roundtriptime,2022-01-23T20:52:06,pop-os
Counter,15707,,,agent.ping.count,2022-01-23T20:52:06,pop-os
Counter,15706,,,agent.ping.count,2022-01-23T20:52:04,pop-os
Measurement,12,,,agent.ping.roundtriptime,2022-01-23T20:52:03,pop-os
Measurement,11,,,agent.ping.roundtriptime,2022-01-23T20:52:01,pop-os
Counter,15705,,,agent.ping.count,2022-01-23T20:52:01,pop-os
Measurement,13,,,agent.ping.roundtriptime,2022-01-23T20:51:59,pop-os
Counter,15704,,,agent.ping.count,2022-01-23T20:51:59,pop-os
Measurement,13,,,agent.ping.roundtriptime,2022-01-23T20:51:57,pop-os
Counter,15703,,,agent.ping.count,2022-01-23T20:51:57,pop-os
Measurement,12,,,agent.ping.roundtriptime,2022-01-23T20:51:55,pop-os
Counter,15702,,,agent.ping.count,2022-01-23T20:51:55,pop-os
Counter,15701,,,agent.ping.count,2022-01-23T20:51:53,pop-os
Measurement,18,,,agent.ping.roundtriptime,2022-01-23T20:51:53,pop-os
Measurement,14,,,agent.ping.roundtriptime,2022-01-23T20:51:51,pop-os
Counter,15700,,,agent.ping.count,2022-01-23T20:51:51,pop-os
Measurement,15,,,agent.ping.roundtriptime,2022-01-23T20:51:49,pop-os
Measurement,0,2022-01-23T20:43:39,2022-01-23T20:51:49,agent.ping.average.failure,2022-01-23T20:51:49,pop-os
Counter,15699,,,agent.ping.count,2022-01-23T20:51:49,pop-os
Measurement,13,,,agent.ping.roundtriptime,2022-01-23T20:51:47,pop-os
Counter,15698,,,agent.ping.count,2022-01-23T20:51:47,pop-os
Measurement,12,,,agent.ping.roundtriptime,2022-01-23T20:51:45,pop-os
Counter,15697,,,agent.ping.count,2022-01-23T20:51:45,pop-os
Measurement,35,,,agent.ping.roundtriptime,2022-01-23T20:51:43,pop-os
Counter,15696,,,agent.ping.count,2022-01-23T20:51:43,pop-os
Measurement,19,,,agent.ping.roundtriptime,2022-01-23T20:51:41,pop-os
Counter,15695,,,agent.ping.count,2022-01-23T20:51:41,pop-os
Measurement,16,,,agent.ping.roundtriptime,2022-01-23T20:51:39,pop-os
Counter,15694,,,agent.ping.count,2022-01-23T20:51:39,pop-os
Measurement,12,,,agent.ping.roundtriptime,2022-01-23T20:51:37,pop-os
Counter,15693,,,agent.ping.count,2022-01-23T20:51:37,pop-os
Measurement,50,,,agent.ping.roundtriptime,2022-01-23T20:51:35,pop-os
Counter,15692,,,agent.ping.count,2022-01-23T20:51:35,pop-os
Measurement,14,,,agent.ping.roundtriptime,2022-01-23T20:51:33,pop-os
Counter,15691,,,agent.ping.count,2022-01-23T20:51:33,pop-os
Measurement,17,,,agent.ping.roundtriptime,2022-01-23T20:51:31,pop-os
Counter,15690,,,agent.ping.count,2022-01-23T20:51:31,pop-os
Measurement,11,,,agent.ping.roundtriptime,2022-01-23T20:51:29,pop-os
Measurement,0,2022-01-23T20:43:39,2022-01-23T20:51:29,agent.ping.average.failure,2022-01-23T20:51:29,pop-os
Counter,15689,,,agent.ping.count,2022-01-23T20:51:29,pop-os
Measurement,44,,,agent.ping.roundtriptime,2022-01-23T20:51:27,pop-os
Counter,15688,,,agent.ping.count,2022-01-23T20:51:27,pop-os
Counter,15687,,,agent.ping.count,2022-01-23T20:51:25,pop-os
Measurement,17,,,agent.ping.roundtriptime,2022-01-23T20:51:24,pop-os
Measurement,15,,,agent.ping.roundtriptime,2022-01-23T20:51:22,pop-os
Counter,15686,,,agent.ping.count,2022-01-23T20:51:22,pop-os
Measurement,18,,,agent.ping.roundtriptime,2022-01-23T20:51:20,pop-os
Counter,15685,,,agent.ping.count,2022-01-23T20:51:20,pop-os
Measurement,16,,,agent.ping.roundtriptime,2022-01-23T20:51:18,pop-os
Counter,15684,,,agent.ping.count,2022-01-23T20:51:18,pop-os
Measurement,14,,,agent.ping.roundtriptime,2022-01-23T20:51:16,pop-os
Counter,15683,,,agent.ping.count,2022-01-23T20:51:16,pop-os
Counter,15682,,,agent.ping.count,2022-01-23T20:51:14,pop-os
Measurement,11,,,agent.ping.roundtriptime,2022-01-23T20:51:14,pop-os
Measurement,11,,,agent.ping.roundtriptime,2022-01-23T20:51:12,pop-os
Counter,15681,,,agent.ping.count,2022-01-23T20:51:12,pop-os
Measurement,65,,,agent.ping.roundtriptime,2022-01-23T20:51:10,pop-os
Counter,15680,,,agent.ping.count,2022-01-23T20:51:10,pop-os
Measurement,20,,,agent.ping.roundtriptime,2022-01-23T20:51:08,pop-os
Measurement,0,2022-01-23T20:43:39,2022-01-23T20:51:08,agent.ping.average.failure,2022-01-23T20:51:08,pop-os
Counter,15679,,,agent.ping.count,2022-01-23T20:51:08,pop-os
Measurement,22,,,agent.ping.roundtriptime,2022-01-23T20:51:06,pop-os
Counter,15678,,,agent.ping.count,2022-01-23T20:51:06,pop-os
Measurement,16,,,agent.ping.roundtriptime,2022-01-23T20:51:04,pop-os
Counter,15677,,,agent.ping.count,2022-01-23T20:51:04,pop-os
Measurement,16,,,agent.ping.roundtriptime,2022-01-23T20:51:02,pop-os
Counter,15676,,,agent.ping.count,2022-01-23T20:51:02,pop-os
Measurement,12,,,agent.ping.roundtriptime,2022-01-23T20:51:00,pop-os
Counter,15675,,,agent.ping.count,2022-01-23T20:51:00,pop-os
Measurement,12,,,agent.ping.roundtriptime,2022-01-23T20:50:58,pop-os
Counter,15674,,,agent.ping.count,2022-01-23T20:50:58,pop-os
Measurement,16,,,agent.ping.roundtriptime,2022-01-23T20:50:56,pop-os
Counter,15673,,,agent.ping.count,2022-01-23T20:50:56,pop-os
Measurement,16,,,agent.ping.roundtriptime,2022-01-23T20:50:54,pop-os
Counter,15672,,,agent.ping.count,2022-01-23T20:50:54,pop-os
Measurement,10,,,agent.ping.roundtriptime,2022-01-23T20:50:52,pop-os
Counter,15671,,,agent.ping.count,2022-01-23T20:50:52,pop-os
Measurement,12,,,agent.ping.roundtriptime,2022-01-23T20:50:50,pop-os
Counter,15670,,,agent.ping.count,2022-01-23T20:50:50,pop-os
Measurement,13,,,agent.ping.roundtriptime,2022-01-23T20:50:48,pop-os
Measurement,0,2022-01-23T20:43:39,2022-01-23T20:50:48,agent.ping.average.failure,2022-01-23T20:50:48,pop-os
Counter,15669,,,agent.ping.count,2022-01-23T20:50:48,pop-os
Counter,15668,,,agent.ping.count,2022-01-23T20:50:46,pop-os
Measurement,13,,,agent.ping.roundtriptime,2022-01-23T20:50:45,pop-os
Measurement,43,,,agent.ping.roundtriptime,2022-01-23T20:50:43,pop-os
Counter,15667,,,agent.ping.count,2022-01-23T20:50:43,pop-os
Measurement,14,,,agent.ping.roundtriptime,2022-01-23T20:50:41,pop-os
Counter,15666,,,agent.ping.count,2022-01-23T20:50:41,pop-os
Measurement,13,,,agent.ping.roundtriptime,2022-01-23T20:50:39,pop-os
Counter,15665,,,agent.ping.count,2022-01-23T20:50:39,pop-os
Measurement,11,,,agent.ping.roundtriptime,2022-01-23T20:50:37,pop-os
Counter,15664,,,agent.ping.count,2022-01-23T20:50:37,pop-os
Counter,15663,,,agent.ping.count,2022-01-23T20:50:35,pop-os
Measurement,14,,,agent.ping.roundtriptime,2022-01-23T20:50:35,pop-os
Measurement,14,,,agent.ping.roundtriptime,2022-01-23T20:50:33,pop-os
Counter,15662,,,agent.ping.count,2022-01-23T20:50:33,pop-os
Measurement,21,,,agent.ping.roundtriptime,2022-01-23T20:50:31,pop-os
Counter,15661,,,agent.ping.count,2022-01-23T20:50:31,pop-os
Measurement,12,,,agent.ping.roundtriptime,2022-01-23T20:50:29,pop-os
Counter,15660,,,agent.ping.count,2022-01-23T20:50:29,pop-os
Measurement,11,,,agent.ping.roundtriptime,2022-01-23T20:50:27,pop-os
Measurement,0,2022-01-23T20:43:39,2022-01-23T20:50:27,agent.ping.average.failure,2022-01-23T20:50:27,pop-os
Counter,15659,,,agent.ping.count,2022-01-23T20:50:27,pop-os
Measurement,18,,,agent.ping.roundtriptime,2022-01-23T20:50:25,pop-os
Counter,15658,,,agent.ping.count,2022-01-23T20:50:25,pop-os
Measurement,50,,,agent.ping.roundtriptime,2022-01-23T20:50:23,pop-os
Counter,15657,,,agent.ping.count,2022-01-23T20:50:23,pop-os
Measurement,10,,,agent.ping.roundtriptime,2022-01-23T20:50:21,pop-os
Counter,15656,,,agent.ping.count,2022-01-23T20:50:21,pop-os
Measurement,21,,,agent.ping.roundtriptime,2022-01-23T20:50:19,pop-os
Counter,15655,,,agent.ping.count,2022-01-23T20:50:19,pop-os
Measurement,16,,,agent.ping.roundtriptime,2022-01-23T20:50:17,pop-os
Counter,15654,,,agent.ping.count,2022-01-23T20:50:17,pop-os
Measurement,16,,,agent.ping.roundtriptime,2022-01-23T20:50:15,pop-os
Counter,15653,,,agent.ping.count,2022-01-23T20:50:15,pop-os
Measurement,12,,,agent.ping.roundtriptime,2022-01-23T20:50:13,pop-os
Counter,15652,,,agent.ping.count,2022-01-23T20:50:13,pop-os
Measurement,42,,,agent.ping.roundtriptime,2022-01-23T20:50:11,pop-os
Counter,15651,,,agent.ping.count,2022-01-23T20:50:11,pop-os
Measurement,12,,,agent.ping.roundtriptime,2022-01-23T20:50:09,pop-os
Counter,15650,,,agent.ping.count,2022-01-23T20:50:09,pop-os
Measurement,19,,,agent.ping.roundtriptime,2022-01-23T20:50:07,pop-os
Counter,15649,,,agent.ping.count,2022-01-23T20:50:07,pop-os
Measurement,0,2022-01-23T20:43:39,2022-01-23T20:50:07,agent.ping.average.failure,2022-01-23T20:50:07,pop-os
Measurement,19,,,agent.ping.roundtriptime,2022-01-23T20:50:05,pop-os
Counter,15648,,,agent.ping.count,2022-01-23T20:50:05,pop-os
Measurement,16,,,agent.ping.roundtriptime,2022-01-23T20:50:03,pop-os
Counter,15647,,,agent.ping.count,2022-01-23T20:50:03,pop-os
Measurement,20,,,agent.ping.roundtriptime,2022-01-23T20:50:00,pop-os
Counter,15646,,,agent.ping.count,2022-01-23T20:50:00,pop-os
Measurement,13,,,agent.ping.roundtriptime,2022-01-23T20:49:58,pop-os
Counter,15645,,,agent.ping.count,2022-01-23T20:49:58,pop-os
Counter,15644,,,agent.ping.count,2022-01-23T20:49:56,pop-os
Measurement,13,,,agent.ping.roundtriptime,2022-01-23T20:49:56,pop-os
Measurement,15,,,agent.ping.roundtriptime,2022-01-23T20:49:54,pop-os
Counter,15643,,,agent.ping.count,2022-01-23T20:49:54,pop-os
Measurement,26,,,agent.ping.roundtriptime,2022-01-23T20:49:52,pop-os
Counter,15642,,,agent.ping.count,2022-01-23T20:49:52,pop-os
Measurement,21,,,agent.ping.roundtriptime,2022-01-23T20:49:50,pop-os
Counter,15641,,,agent.ping.count,2022-01-23T20:49:50,pop-os
Measurement,8,,,agent.ping.roundtriptime,2022-01-23T20:49:48,pop-os
Counter,15640,,,agent.ping.count,2022-01-23T20:49:48,pop-os
Counter,15639,,,agent.ping.count,2022-01-23T20:49:46,pop-os
Measurement,19,,,agent.ping.roundtriptime,2022-01-23T20:49:46,pop-os
Measurement,0,2022-01-23T20:43:39,2022-01-23T20:49:46,agent.ping.average.failure,2022-01-23T20:49:46,pop-os
Measurement,12,,,agent.ping.roundtriptime,2022-01-23T20:49:44,pop-os
Counter,15638,,,agent.ping.count,2022-01-23T20:49:44,pop-os
Measurement,15,,,agent.ping.roundtriptime,2022-01-23T20:49:42,pop-os
Counter,15637,,,agent.ping.count,2022-01-23T20:49:42,pop-os
Measurement,14,,,agent.ping.roundtriptime,2022-01-23T20:49:40,pop-os
Counter,15636,,,agent.ping.count,2022-01-23T20:49:40,pop-os
Measurement,16,,,agent.ping.roundtriptime,2022-01-23T20:49:38,pop-os
Counter,15635,,,agent.ping.count,2022-01-23T20:49:38,pop-os
Measurement,12,,,agent.ping.roundtriptime,2022-01-23T20:49:36,pop-os
Counter,15634,,,agent.ping.count,2022-01-23T20:49:36,pop-os
Measurement,15,,,agent.ping.roundtriptime,2022-01-23T20:49:34,pop-os
Counter,15633,,,agent.ping.count,2022-01-23T20:49:34,pop-os
Measurement,13,,,agent.ping.roundtriptime,2022-01-23T20:49:32,pop-os
Counter,15632,,,agent.ping.count,2022-01-23T20:49:32,pop-os
Measurement,23,,,agent.ping.roundtriptime,2022-01-23T20:49:30,pop-os
Counter,15631,,,agent.ping.count,2022-01-23T20:49:30,pop-os
Measurement,12,,,agent.ping.roundtriptime,2022-01-23T20:49:28,pop-os
Counter,15630,,,agent.ping.count,2022-01-23T20:49:28,pop-os
Measurement,14,,,agent.ping.roundtriptime,2022-01-23T20:49:26,pop-os
Measurement,0,2022-01-23T20:43:39,2022-01-23T20:49:26,agent.ping.average.failure,2022-01-23T20:49:26,pop-os
Counter,15629,,,agent.ping.count,2022-01-23T20:49:26,pop-os
Measurement,14,,,agent.ping.roundtriptime,2022-01-23T20:49:24,pop-os
Counter,15628,,,agent.ping.count,2022-01-23T20:49:24,pop-os
Measurement,14,,,agent.ping.roundtriptime,2022-01-23T20:49:22,pop-os
Counter,15627,,,agent.ping.count,2022-01-23T20:49:22,pop-os
Measurement,21,,,agent.ping.roundtriptime,2022-01-23T20:49:20,pop-os
Counter,15626,,,agent.ping.count,2022-01-23T20:49:20,pop-os
Counter,15625,,,agent.ping.count,2022-01-23T20:49:18,pop-os
Measurement,37,,,agent.ping.roundtriptime,2022-01-23T20:49:17,pop-os
Measurement,13,,,agent.ping.roundtriptime,2022-01-23T20:49:15,pop-os
Counter,15624,,,agent.ping.count,2022-01-23T20:49:15,pop-os
Measurement,15,,,agent.ping.roundtriptime,2022-01-23T20:49:13,pop-os
Counter,15623,,,agent.ping.count,2022-01-23T20:49:13,pop-os
Measurement,16,,,agent.ping.roundtriptime,2022-01-23T20:49:11,pop-os
Counter,15622,,,agent.ping.count,2022-01-23T20:49:11,pop-os
Measurement,21,,,agent.ping.roundtriptime,2022-01-23T20:49:09,pop-os
Counter,15621,,,agent.ping.count,2022-01-23T20:49:09,pop-os
Counter,15620,,,agent.ping.count,2022-01-23T20:49:07,pop-os
Measurement,16,,,agent.ping.roundtriptime,2022-01-23T20:49:07,pop-os
Measurement,16,,,agent.ping.roundtriptime,2022-01-23T20:49:05,pop-os
Measurement,1,2022-01-23T20:43:39,2022-01-23T20:49:05,agent.ping.average.failure,2022-01-23T20:49:05,pop-os
Counter,15619,,,agent.ping.count,2022-01-23T20:49:05,pop-os
Measurement,16,,,agent.ping.roundtriptime,2022-01-23T20:49:03,pop-os
Counter,15618,,,agent.ping.count,2022-01-23T20:49:03,pop-os
Measurement,20,,,agent.ping.roundtriptime,2022-01-23T20:49:01,pop-os
Counter,15617,,,agent.ping.count,2022-01-23T20:49:01,pop-os
Measurement,11,,,agent.ping.roundtriptime,2022-01-23T20:48:59,pop-os
Counter,15616,,,agent.ping.count,2022-01-23T20:48:59,pop-os
Measurement,20,,,agent.ping.roundtriptime,2022-01-23T20:48:57,pop-os
Counter,15615,,,agent.ping.count,2022-01-23T20:48:57,pop-os
Measurement,35,,,agent.ping.roundtriptime,2022-01-23T20:48:55,pop-os
Counter,15614,,,agent.ping.count,2022-01-23T20:48:55,pop-os
Measurement,21,,,agent.ping.roundtriptime,2022-01-23T20:48:53,pop-os
Counter,15613,,,agent.ping.count,2022-01-23T20:48:53,pop-os
Measurement,19,,,agent.ping.roundtriptime,2022-01-23T20:48:51,pop-os
Counter,15612,,,agent.ping.count,2022-01-23T20:48:51,pop-os
Counter,15611,,,agent.ping.count,2022-01-23T20:48:49,pop-os
Counter,15610,,,agent.ping.count,2022-01-23T20:48:47,pop-os
Measurement,14,,,agent.ping.roundtriptime,2022-01-23T20:48:47,pop-os
Measurement,23,,,agent.ping.roundtriptime,2022-01-23T20:48:45,pop-os
Measurement,0,2022-01-23T20:43:39,2022-01-23T20:48:45,agent.ping.average.failure,2022-01-23T20:48:45,pop-os
Counter,15609,,,agent.ping.count,2022-01-23T20:48:45,pop-os
Measurement,44,,,agent.ping.roundtriptime,2022-01-23T20:48:43,pop-os
Counter,15608,,,agent.ping.count,2022-01-23T20:48:43,pop-os
Measurement,41,,,agent.ping.roundtriptime,2022-01-23T20:48:40,pop-os
Counter,15607,,,agent.ping.count,2022-01-23T20:48:40,pop-os
Measurement,14,,,agent.ping.roundtriptime,2022-01-23T20:48:38,pop-os
Counter,15606,,,agent.ping.count,2022-01-23T20:48:38,pop-os
Measurement,12,,,agent.ping.roundtriptime,2022-01-23T20:48:36,pop-os
Counter,15605,,,agent.ping.count,2022-01-23T20:48:36,pop-os
Measurement,15,,,agent.ping.roundtriptime,2022-01-23T20:48:34,pop-os
Counter,15604,,,agent.ping.count,2022-01-23T20:48:34,pop-os
Measurement,37,,,agent.ping.roundtriptime,2022-01-23T20:48:32,pop-os
Counter,15603,,,agent.ping.count,2022-01-23T20:48:32,pop-os
Measurement,65,,,agent.ping.roundtriptime,2022-01-23T20:48:30,pop-os
Counter,15602,,,agent.ping.count,2022-01-23T20:48:30,pop-os
Measurement,14,,,agent.ping.roundtriptime,2022-01-23T20:48:28,pop-os
Counter,15601,,,agent.ping.count,2022-01-23T20:48:28,pop-os
Measurement,13,,,agent.ping.roundtriptime,2022-01-23T20:48:26,pop-os
Counter,15600,,,agent.ping.count,2022-01-23T20:48:26,pop-os
Measurement,15,,,agent.ping.roundtriptime,2022-01-23T20:48:24,pop-os
Measurement,1,2022-01-23T20:43:39,2022-01-23T20:48:24,agent.ping.average.failure,2022-01-23T20:48:24,pop-os
Counter,15599,,,agent.ping.count,2022-01-23T20:48:24,pop-os
Measurement,14,,,agent.ping.roundtriptime,2022-01-23T20:48:22,pop-os
Counter,15598,,,agent.ping.count,2022-01-23T20:48:22,pop-os
Measurement,13,,,agent.ping.roundtriptime,2022-01-23T20:48:20,pop-os
Counter,15597,,,agent.ping.count,2022-01-23T20:48:20,pop-os
Counter,15596,,,agent.ping.count,2022-01-23T20:48:18,pop-os
Measurement,20,,,agent.ping.roundtriptime,2022-01-23T20:48:16,pop-os
Counter,15595,,,agent.ping.count,2022-01-23T20:48:16,pop-os
Measurement,13,,,agent.ping.roundtriptime,2022-01-23T20:48:14,pop-os
Counter,15594,,,agent.ping.count,2022-01-23T20:48:14,pop-os
Measurement,20,,,agent.ping.roundtriptime,2022-01-23T20:48:12,pop-os
Counter,15593,,,agent.ping.count,2022-01-23T20:48:12,pop-os
Measurement,16,,,agent.ping.roundtriptime,2022-01-23T20:48:10,pop-os
Counter,15592,,,agent.ping.count,2022-01-23T20:48:10,pop-os
Measurement,13,,,agent.ping.roundtriptime,2022-01-23T20:48:08,pop-os
Counter,15591,,,agent.ping.count,2022-01-23T20:48:08,pop-os
Measurement,14,,,agent.ping.roundtriptime,2022-01-23T20:48:05,pop-os
Counter,15590,,,agent.ping.count,2022-01-23T20:48:05,pop-os
Measurement,13,,,agent.ping.roundtriptime,2022-01-23T20:48:03,pop-os
Measurement,1,2022-01-23T20:43:39,2022-01-23T20:48:03,agent.ping.average.failure,2022-01-23T20:48:03,pop-os
Counter,15589,,,agent.ping.count,2022-01-23T20:48:03,pop-os
Measurement,17,,,agent.ping.roundtriptime,2022-01-23T20:48:01,pop-os
Counter,15588,,,agent.ping.count,2022-01-23T20:48:01,pop-os
Measurement,17,,,agent.ping.roundtriptime,2022-01-23T20:47:59,pop-os
Counter,15587,,,agent.ping.count,2022-01-23T20:47:59,pop-os
Counter,15586,,,agent.ping.count,2022-01-23T20:47:57,pop-os
Measurement,22,,,agent.ping.roundtriptime,2022-01-23T20:47:57,pop-os
Measurement,95,,,agent.ping.roundtriptime,2022-01-23T20:47:55,pop-os
Counter,15585,,,agent.ping.count,2022-01-23T20:47:55,pop-os
Counter,15584,,,agent.ping.count,2022-01-23T20:47:53,pop-os
Counter,15583,,,agent.ping.count,2022-01-23T20:47:51,pop-os
Counter,15582,,,agent.ping.count,2022-01-23T20:47:49,pop-os
Counter,15581,,,agent.ping.count,2022-01-23T20:47:47,pop-os
Measurement,15,,,agent.ping.roundtriptime,2022-01-23T20:47:45,pop-os
Counter,15580,,,agent.ping.count,2022-01-23T20:47:45,pop-os
Counter,15579,,,agent.ping.count,2022-01-23T20:47:43,pop-os
Measurement,21,,,agent.ping.roundtriptime,2022-01-23T20:47:42,pop-os
Measurement,0,2022-01-23T20:43:39,2022-01-23T20:47:42,agent.ping.average.failure,2022-01-23T20:47:42,pop-os
Measurement,15,,,agent.ping.roundtriptime,2022-01-23T20:47:40,pop-os
Counter,15578,,,agent.ping.count,2022-01-23T20:47:40,pop-os
Measurement,26,,,agent.ping.roundtriptime,2022-01-23T20:47:38,pop-os
Counter,15577,,,agent.ping.count,2022-01-23T20:47:38,pop-os
Measurement,14,,,agent.ping.roundtriptime,2022-01-23T20:47:36,pop-os
Counter,15576,,,agent.ping.count,2022-01-23T20:47:36,pop-os
Measurement,16,,,agent.ping.roundtriptime,2022-01-23T20:47:34,pop-os
Counter,15575,,,agent.ping.count,2022-01-23T20:47:34,pop-os
Measurement,14,,,agent.ping.roundtriptime,2022-01-23T20:47:32,pop-os
Counter,15574,,,agent.ping.count,2022-01-23T20:47:32,pop-os
Measurement,14,,,agent.ping.roundtriptime,2022-01-23T20:47:30,pop-os
Counter,15573,,,agent.ping.count,2022-01-23T20:47:30,pop-os
Measurement,19,,,agent.ping.roundtriptime,2022-01-23T20:47:28,pop-os
Counter,15572,,,agent.ping.count,2022-01-23T20:47:28,pop-os
Measurement,16,,,agent.ping.roundtriptime,2022-01-23T20:47:26,pop-os
Counter,15571,,,agent.ping.count,2022-01-23T20:47:26,pop-os
Measurement,15,,,agent.ping.roundtriptime,2022-01-23T20:47:24,pop-os
Counter,15570,,,agent.ping.count,2022-01-23T20:47:24,pop-os
Measurement,16,,,agent.ping.roundtriptime,2022-01-23T20:47:22,pop-os
Measurement,0,2022-01-23T20:43:39,2022-01-23T20:47:22,agent.ping.average.failure,2022-01-23T20:47:22,pop-os
Counter,15569,,,agent.ping.count,2022-01-23T20:47:22,pop-os
Measurement,42,,,agent.ping.roundtriptime,2022-01-23T20:47:20,pop-os
Counter,15568,,,agent.ping.count,2022-01-23T20:47:20,pop-os
Measurement,17,,,agent.ping.roundtriptime,2022-01-23T20:47:18,pop-os
Counter,15567,,,agent.ping.count,2022-01-23T20:47:18,pop-os
Measurement,12,,,agent.ping.roundtriptime,2022-01-23T20:47:16,pop-os
Counter,15566,,,agent.ping.count,2022-01-23T20:47:16,pop-os
Counter,15565,,,agent.ping.count,2022-01-23T20:47:14,pop-os
Measurement,12,,,agent.ping.roundtriptime,2022-01-23T20:47:14,pop-os
Measurement,26,,,agent.ping.roundtriptime,2022-01-23T20:47:12,pop-os
Counter,15564,,,agent.ping.count,2022-01-23T20:47:12,pop-os
Measurement,16,,,agent.ping.roundtriptime,2022-01-23T20:47:10,pop-os
Counter,15563,,,agent.ping.count,2022-01-23T20:47:10,pop-os
Measurement,22,,,agent.ping.roundtriptime,2022-01-23T20:47:08,pop-os
Counter,15562,,,agent.ping.count,2022-01-23T20:47:08,pop-os
Measurement,21,,,agent.ping.roundtriptime,2022-01-23T20:47:06,pop-os
Counter,15561,,,agent.ping.count,2022-01-23T20:47:06,pop-os
Counter,15560,,,agent.ping.count,2022-01-23T20:47:04,pop-os
Measurement,15,,,agent.ping.roundtriptime,2022-01-23T20:47:03,pop-os
Measurement,13,,,agent.ping.roundtriptime,2022-01-23T20:47:01,pop-os
Measurement,0,2022-01-23T20:43:39,2022-01-23T20:47:01,agent.ping.average.failure,2022-01-23T20:47:01,pop-os
