ID;Mjob;Fjob;reason;guardian;traveltime;studytime;failures;schoolsup;famsup;paid;activities;nursery;higher;internet;romantic;famrel;freetime;goout;Dalc;Walc;health;absences
1;at_home;teacher;course;mother;2;2;0;yes;no;no;no;yes;yes;no;no;4;3;4;1;1;3;6
2;at_home;other;course;father;1;2;0;no;yes;no;no;no;yes;yes;no;5;3;3;1;1;3;4
3;at_home;other;other;mother;1;2;3;yes;no;yes;no;yes;yes;yes;no;4;3;2;2;3;3;10
4;health;services;home;mother;1;3;0;no;yes;yes;yes;yes;yes;yes;yes;3;2;2;1;1;5;2
5;other;other;home;father;1;2;0;no;yes;yes;no;yes;yes;no;no;4;3;2;1;2;5;4
6;services;other;reputation;mother;1;2;0;no;yes;yes;yes;yes;yes;yes;no;5;4;2;1;2;5;10
7;other;other;home;mother;1;2;0;no;no;no;no;yes;yes;yes;no;4;4;4;1;1;3;0
8;other;teacher;home;mother;2;2;0;yes;yes;no;no;yes;yes;no;no;4;1;4;1;1;1;6
9;services;other;home;mother;1;2;0;no;yes;yes;no;yes;yes;yes;no;4;2;2;1;1;1;0
10;other;other;home;mother;1;2;0;no;yes;yes;yes;yes;yes;yes;no;5;5;1;1;1;5;0
11;teacher;health;reputation;mother;1;2;0;no;yes;yes;no;yes;yes;yes;no;3;3;3;1;2;2;0
12;services;other;reputation;father;3;3;0;no;yes;no;yes;yes;yes;yes;no;5;2;2;1;1;4;4
13;health;services;course;father;1;1;0;no;yes;yes;yes;yes;yes;yes;no;4;3;3;1;3;5;2
14;teacher;other;course;mother;2;2;0;no;yes;yes;no;yes;yes;yes;no;5;4;3;1;2;3;2
15;other;other;home;other;1;3;0;no;yes;no;no;yes;yes;yes;yes;4;5;2;1;1;3;0
16;health;other;home;mother;1;1;0;no;yes;no;no;yes;yes;yes;no;4;4;4;1;2;2;4
17;services;services;reputation;mother;1;3;0;no;yes;yes;yes;yes;yes;yes;no;3;2;3;1;2;2;6
18;other;other;reputation;mother;3;2;0;yes;yes;no;yes;yes;yes;no;no;5;3;2;1;1;4;4
19;services;services;course;mother;1;1;3;no;yes;no;yes;yes;yes;yes;no;5;5;5;2;4;5;16
20;health;other;home;father;1;1;0;no;no;yes;yes;yes;yes;yes;no;3;1;3;1;3;5;4
21;teacher;other;reputation;mother;1;2;0;no;no;no;no;yes;yes;yes;no;4;4;1;1;1;1;0
22;health;health;other;father;1;1;0;no;yes;yes;no;yes;yes;yes;no;5;4;2;1;1;5;0
23;teacher;other;course;mother;1;2;0;no;no;no;yes;yes;yes;yes;no;4;5;1;1;3;5;2
24;other;other;reputation;mother;2;2;0;no;yes;no;yes;yes;yes;yes;no;5;4;4;2;4;5;0
25;services;health;course;mother;1;3;0;yes;yes;yes;yes;yes;yes;yes;no;4;3;2;1;1;5;2
26;services;services;home;mother;1;1;2;no;yes;yes;no;no;yes;yes;no;1;2;2;1;3;5;14
27;other;other;home;mother;1;1;0;no;yes;yes;no;yes;yes;yes;no;4;2;2;1;2;5;2
28;health;services;other;mother;1;1;0;no;no;yes;no;yes;yes;yes;no;2;2;4;2;4;1;4
29;services;other;home;mother;1;2;0;yes;yes;no;yes;yes;yes;yes;no;5;3;3;1;1;5;4
30;teacher;teacher;home;mother;1;2;0;no;yes;yes;yes;yes;yes;yes;yes;4;4;5;5;5;5;16
31;health;services;home;mother;1;2;0;no;yes;yes;no;no;yes;yes;no;5;4;2;3;4;5;0
32;services;services;reputation;mother;2;2;0;no;yes;no;yes;yes;yes;yes;no;4;3;1;1;1;5;0
33;teacher;at_home;course;mother;1;2;0;no;yes;no;yes;yes;yes;yes;yes;4;5;2;1;1;5;0
34;other;other;course;mother;1;2;0;no;no;no;yes;no;yes;yes;no;5;3;2;1;1;2;0
35;other;other;home;mother;1;1;0;no;yes;yes;no;no;yes;yes;no;5;4;3;1;1;5;0
36;other;other;other;father;2;1;0;no;yes;no;yes;yes;yes;no;no;3;5;1;1;1;5;0
37;teacher;services;home;mother;1;3;0;no;yes;no;yes;yes;yes;yes;no;5;4;3;1;1;4;2
38;other;teacher;reputation;mother;2;3;0;no;yes;no;yes;yes;yes;yes;yes;2;4;3;1;1;5;7
39;services;health;course;mother;1;3;0;yes;yes;yes;yes;yes;yes;yes;no;4;3;2;1;1;5;2
40;at_home;other;reputation;mother;1;1;0;yes;yes;yes;yes;yes;yes;no;no;4;3;1;1;1;2;8
41;other;other;home;mother;2;2;1;no;yes;no;yes;no;yes;yes;yes;3;3;3;1;2;3;25
42;teacher;other;home;other;1;1;0;no;yes;no;no;no;yes;yes;yes;5;4;3;2;4;5;8
43;services;teacher;course;father;1;2;0;no;yes;no;yes;yes;yes;yes;no;4;3;3;1;1;5;2
44;services;services;course;father;1;1;0;yes;yes;no;no;yes;yes;yes;no;5;4;1;1;1;1;0
45;other;at_home;course;father;2;2;1;yes;no;no;yes;yes;yes;yes;no;4;3;3;2;2;5;14
46;other;other;course;mother;1;2;0;yes;yes;yes;yes;yes;yes;yes;yes;5;2;2;1;1;5;8
47;other;services;home;mother;1;2;0;no;yes;no;no;yes;yes;yes;no;2;3;5;1;4;3;12
48;health;services;reputation;mother;1;4;0;no;no;no;yes;yes;yes;yes;no;4;2;2;1;1;2;4
49;teacher;other;home;mother;1;2;0;no;yes;yes;no;yes;yes;no;no;4;3;3;2;2;5;2
50;services;teacher;other;father;1;2;1;yes;yes;no;yes;no;yes;yes;no;4;4;4;1;1;3;2
51;services;services;course;mother;3;2;0;no;yes;yes;no;yes;yes;yes;no;4;3;3;2;3;4;2
52;health;other;other;mother;1;2;0;no;yes;yes;no;yes;yes;yes;no;4;3;3;1;1;5;2
53;health;health;other;father;2;1;1;no;no;no;no;yes;yes;no;no;5;5;5;3;4;5;6
54;services;services;course;mother;1;1;0;yes;yes;yes;no;yes;yes;yes;no;3;3;4;2;3;5;0
55;other;other;other;mother;1;1;0;no;no;yes;no;yes;yes;yes;no;5;3;4;4;4;1;6
56;other;other;other;mother;1;2;0;no;no;yes;yes;yes;yes;yes;yes;5;3;4;1;1;2;8
57;services;services;reputation;mother;1;2;0;no;yes;yes;yes;yes;yes;yes;no;4;3;2;1;1;1;0
58;teacher;health;reputation;mother;1;2;0;no;yes;no;yes;yes;yes;no;no;3;2;2;1;1;5;4
59;other;at_home;home;father;1;2;0;yes;yes;no;yes;yes;yes;yes;no;4;3;2;1;1;5;2
60;services;other;course;mother;1;2;0;no;yes;no;no;yes;yes;yes;no;4;2;3;1;1;5;2
61;health;teacher;other;mother;1;2;0;no;yes;no;yes;yes;yes;no;no;2;4;4;2;3;4;6
62;services;services;course;father;4;1;0;yes;yes;no;yes;no;yes;yes;yes;5;5;5;5;5;5;6
63;other;services;reputation;father;1;2;0;yes;no;no;yes;yes;yes;yes;no;4;4;3;1;1;1;4
64;teacher;health;home;mother;1;3;0;yes;yes;yes;yes;yes;yes;yes;no;3;4;4;2;4;4;2
65;services;services;reputation;father;1;2;0;yes;no;no;yes;yes;yes;yes;yes;4;4;4;2;4;2;0
66;teacher;services;course;mother;3;2;0;no;yes;no;yes;yes;yes;yes;no;5;4;3;1;2;1;2
67;other;services;reputation;mother;1;4;0;no;yes;no;yes;no;yes;yes;yes;1;3;3;5;5;3;4
68;services;other;course;mother;1;4;0;yes;yes;yes;no;yes;yes;yes;no;4;3;3;1;2;5;4
69;health;services;reputation;mother;2;2;0;yes;yes;yes;no;yes;yes;yes;no;4;1;3;1;3;4;2
70;other;other;reputation;father;2;4;0;no;yes;no;no;no;yes;yes;no;4;4;2;2;3;3;12
71;other;other;reputation;father;2;4;0;no;yes;yes;no;yes;yes;yes;no;4;3;2;1;1;5;0
72;other;other;course;mother;1;4;0;no;no;no;no;yes;yes;yes;no;3;3;3;1;1;3;0
73;other;other;reputation;mother;1;2;2;yes;yes;no;no;no;yes;yes;yes;3;3;4;2;4;5;2
74;other;other;reputation;mother;1;1;0;no;no;no;yes;yes;yes;no;no;5;3;2;2;2;5;2
75;other;services;home;mother;1;2;0;yes;yes;yes;yes;yes;yes;yes;no;4;3;3;2;4;5;54
76;teacher;other;home;mother;1;2;0;no;yes;yes;yes;yes;yes;yes;no;4;3;3;2;3;5;6
77;teacher;other;course;mother;2;4;0;no;no;no;yes;yes;yes;yes;no;3;4;3;1;1;1;8
78;other;other;reputation;mother;1;4;0;no;no;yes;no;yes;yes;yes;yes;5;2;3;1;3;3;0
79;other;other;home;mother;2;1;3;yes;yes;no;yes;yes;no;yes;no;4;5;1;1;1;3;2
80;at_home;other;course;mother;1;2;0;no;yes;no;no;yes;yes;yes;no;2;4;3;1;2;3;12
81;other;services;course;father;1;1;0;yes;yes;yes;yes;no;yes;yes;yes;3;2;2;1;3;3;2
82;other;other;home;mother;1;3;0;yes;no;yes;no;no;yes;yes;no;5;3;2;1;2;5;4
83;services;other;reputation;mother;1;2;0;no;yes;yes;no;yes;yes;yes;no;4;4;4;1;1;5;10
84;services;services;home;mother;2;2;0;no;no;yes;yes;yes;yes;yes;no;5;3;3;1;3;4;4
85;other;other;home;father;1;2;0;no;yes;no;yes;no;yes;yes;no;4;3;2;2;3;4;2
86;services;services;reputation;father;2;2;2;no;no;yes;no;yes;yes;yes;yes;4;4;4;2;3;5;6
87;at_home;other;course;mother;1;2;0;no;yes;no;no;yes;yes;no;no;4;3;4;1;2;2;4
88;other;other;reputation;mother;1;3;0;no;yes;no;yes;yes;yes;yes;no;5;3;3;1;3;1;4
89;services;other;reputation;father;2;2;1;no;no;yes;yes;no;yes;yes;no;4;4;2;1;1;3;12
90;teacher;health;reputation;mother;1;2;0;no;yes;no;no;yes;yes;no;no;4;1;3;3;5;5;18
91;other;other;home;mother;1;3;0;no;yes;yes;no;yes;yes;yes;yes;4;3;3;1;3;4;0
92;services;other;reputation;mother;1;1;0;no;no;yes;yes;yes;yes;yes;no;4;5;5;1;3;1;4
93;other;other;home;father;1;2;0;yes;yes;no;no;yes;yes;no;no;3;3;3;2;3;2;4
94;teacher;services;home;mother;2;2;0;no;yes;yes;yes;yes;yes;yes;no;5;3;3;1;1;1;0
95;services;health;reputation;mother;1;4;0;no;yes;no;yes;yes;yes;yes;no;4;3;4;1;1;4;6
96;at_home;other;home;mother;2;4;1;yes;yes;yes;yes;yes;yes;yes;no;3;1;2;1;1;1;2
97;services;other;reputation;mother;2;1;0;yes;yes;no;yes;no;yes;yes;no;3;3;3;1;1;4;2
98;other;other;course;mother;1;2;0;no;yes;yes;no;yes;yes;no;yes;4;3;5;1;1;5;2
99;other;other;reputation;mother;1;1;0;no;no;no;yes;no;yes;yes;no;5;3;4;1;2;1;6
100;other;at_home;course;mother;1;3;0;yes;yes;yes;no;yes;yes;yes;no;5;3;5;1;1;3;0
101;services;services;other;mother;1;1;0;yes;yes;yes;yes;yes;yes;yes;no;4;5;5;5;5;4;14
102;services;teacher;other;father;1;3;0;no;yes;no;yes;yes;yes;yes;yes;4;4;3;1;1;4;0
103;services;other;course;mother;1;1;0;no;yes;no;yes;no;yes;yes;no;5;3;3;1;1;5;4
104;services;other;home;mother;2;2;0;yes;yes;yes;no;yes;yes;yes;no;4;3;5;1;1;2;26
105;services;other;course;mother;1;2;0;no;yes;yes;yes;yes;yes;yes;no;5;4;4;1;1;1;0
106;other;health;reputation;father;1;4;0;yes;no;no;no;yes;yes;no;no;4;3;3;1;1;4;10
107;other;other;course;mother;1;4;0;yes;yes;yes;no;yes;yes;yes;no;5;1;2;1;1;3;8
108;services;other;home;father;1;3;0;no;yes;no;yes;yes;yes;yes;no;5;3;3;1;1;5;2
109;other;other;home;father;4;4;0;no;yes;yes;yes;yes;yes;yes;yes;1;3;5;3;5;1;6
110;health;health;other;mother;1;3;0;no;yes;yes;yes;yes;yes;yes;yes;5;4;5;1;1;4;4
111;teacher;teacher;course;mother;1;1;0;no;no;no;yes;yes;yes;yes;no;5;5;3;1;1;4;6
112;services;other;reputation;father;1;3;1;yes;yes;no;yes;yes;yes;yes;no;4;1;2;1;1;2;0
113;at_home;other;home;mother;1;2;1;yes;no;no;yes;yes;yes;yes;no;3;1;2;1;1;5;6
114;teacher;other;course;mother;1;1;0;no;no;no;no;yes;yes;yes;no;3;5;2;1;1;3;10
115;health;services;reputation;mother;1;2;0;no;no;no;yes;yes;yes;yes;yes;5;4;2;1;1;5;8
116;teacher;teacher;course;father;1;2;0;no;yes;no;yes;yes;yes;yes;no;5;4;4;1;2;5;2
117;other;teacher;reputation;father;2;2;0;no;yes;no;yes;yes;yes;no;no;4;4;3;1;1;2;2
118;other;services;home;father;2;1;0;no;no;no;yes;yes;yes;yes;no;5;4;2;1;1;5;0
119;other;other;course;father;3;2;1;no;yes;no;yes;yes;yes;yes;no;5;2;4;1;4;5;20
120;other;other;reputation;father;1;1;0;no;no;no;no;yes;yes;yes;no;3;4;3;1;2;4;6
121;at_home;services;course;mother;1;2;0;no;no;no;no;no;yes;yes;no;3;2;3;1;2;1;2
122;services;services;home;father;1;4;0;no;yes;yes;yes;yes;yes;yes;no;5;5;4;1;2;5;6
123;other;health;course;father;2;2;0;no;yes;yes;yes;yes;yes;yes;yes;4;2;2;1;2;5;2
124;health;other;course;mother;1;1;0;no;yes;no;yes;yes;yes;yes;no;3;4;4;1;4;5;18
125;other;other;home;mother;1;2;0;no;no;yes;no;yes;yes;yes;yes;5;4;4;1;1;5;0
126;services;services;home;father;1;1;0;yes;no;no;no;yes;yes;yes;no;5;5;5;3;2;5;0
127;other;other;home;mother;1;2;0;yes;no;no;yes;yes;yes;yes;yes;5;3;2;1;1;1;0
128;at_home;other;course;other;1;2;3;no;yes;no;no;no;no;no;no;3;4;2;1;1;5;2
129;services;other;reputation;mother;1;1;2;no;yes;no;yes;yes;yes;yes;no;3;3;3;1;2;4;0
130;teacher;teacher;course;mother;1;1;0;no;no;yes;yes;yes;yes;yes;no;3;5;5;2;5;4;8
131;services;teacher;course;father;2;3;2;no;yes;no;no;yes;yes;yes;yes;4;2;2;2;2;5;0
132;at_home;other;course;mother;3;1;0;no;yes;no;yes;no;yes;yes;yes;4;3;3;1;2;4;0
133;other;other;course;father;1;1;0;no;yes;no;no;yes;yes;yes;yes;3;4;4;1;3;5;12
134;services;other;course;father;1;1;0;no;no;no;no;yes;yes;yes;no;3;2;1;1;4;5;16
135;at_home;teacher;course;mother;4;2;0;no;yes;no;no;yes;yes;no;yes;5;3;3;1;1;5;0
136;services;at_home;course;mother;1;3;0;no;yes;no;yes;yes;yes;yes;yes;4;3;3;1;1;5;0
137;at_home;other;course;mother;3;2;0;no;no;no;no;yes;yes;no;no;5;4;5;2;4;5;0
138;other;other;course;other;2;1;2;no;yes;no;yes;no;yes;yes;yes;4;3;2;1;1;5;0
139;services;other;course;mother;1;2;1;no;no;no;no;yes;yes;no;yes;4;4;4;1;3;5;0
140;teacher;teacher;course;mother;2;1;0;no;no;no;yes;yes;yes;yes;no;4;3;2;1;1;5;0
141;teacher;services;course;father;2;4;0;yes;yes;no;no;yes;yes;yes;no;2;2;2;1;1;3;0
142;services;services;reputation;father;2;1;2;no;yes;no;yes;yes;yes;yes;no;2;3;3;2;2;2;8
143;teacher;services;course;mother;1;3;0;no;yes;yes;yes;yes;yes;yes;no;4;2;2;1;1;5;2
144;at_home;at_home;course;mother;1;1;0;no;no;no;no;yes;yes;yes;no;3;4;4;3;3;1;2
145;other;other;home;mother;1;1;3;no;yes;no;no;yes;yes;yes;no;5;4;5;1;2;5;0
146;other;services;course;father;1;2;0;no;yes;yes;no;yes;yes;yes;no;4;4;2;1;2;5;0
147;health;services;home;father;1;2;3;no;yes;no;no;yes;yes;yes;no;3;3;2;1;1;3;0
148;at_home;other;course;mother;1;2;0;no;yes;yes;no;no;yes;yes;no;4;3;2;1;1;5;2
149;teacher;teacher;course;mother;1;1;0;no;yes;no;no;yes;no;yes;yes;3;3;2;2;1;5;0
150;services;other;course;mother;4;1;3;no;no;no;no;yes;yes;yes;no;4;5;5;2;5;5;0
151;other;other;course;mother;1;1;3;no;no;no;no;yes;no;yes;yes;2;3;5;2;5;4;0
152;at_home;other;course;mother;1;1;1;no;no;no;yes;yes;yes;no;yes;4;4;4;3;5;5;6
153;services;services;reputation;other;2;3;2;no;yes;yes;yes;yes;yes;yes;yes;4;2;1;2;3;3;8
154;services;at_home;home;mother;1;1;3;no;yes;no;no;yes;no;yes;yes;4;5;4;1;1;4;0
155;other;teacher;course;mother;1;1;0;yes;yes;no;no;yes;yes;no;yes;4;2;1;1;1;4;0
156;at_home;services;course;mother;1;2;0;yes;no;yes;yes;yes;yes;no;no;4;4;4;1;1;1;2
157;other;other;reputation;mother;1;1;0;no;no;no;no;yes;yes;no;no;2;2;2;3;3;5;8
158;at_home;other;course;mother;3;1;3;no;yes;no;yes;no;yes;no;no;5;2;5;1;5;4;6
159;at_home;other;course;mother;3;1;0;no;no;no;no;no;yes;no;no;4;2;2;1;2;3;2
160;other;services;course;father;1;2;1;no;yes;yes;no;yes;yes;yes;yes;4;5;5;4;4;5;4
161;at_home;other;course;mother;2;1;2;no;no;no;yes;yes;no;yes;yes;3;3;2;2;2;5;0
162;other;other;course;mother;2;2;2;yes;yes;no;no;yes;yes;yes;yes;4;4;4;1;4;3;6
163;other;other;course;mother;2;1;1;no;no;no;yes;yes;yes;no;no;4;4;4;2;4;5;0
164;at_home;services;course;father;1;1;0;no;no;no;no;yes;no;yes;no;5;3;3;1;4;2;2
165;other;services;course;mother;4;2;3;no;no;no;yes;yes;no;no;yes;5;3;5;1;5;5;0
166;services;services;course;mother;2;1;1;no;yes;no;yes;no;no;no;no;4;5;2;1;1;2;16
167;other;other;course;father;1;2;0;no;no;no;no;yes;no;yes;no;4;3;5;2;4;4;4
168;health;services;home;father;1;2;0;no;no;yes;no;yes;yes;yes;yes;4;2;3;1;1;3;0
169;other;other;home;mother;1;2;0;no;yes;yes;no;no;yes;yes;no;5;1;5;1;1;4;0
170;health;health;reputation;mother;1;2;0;no;yes;yes;no;yes;yes;yes;yes;4;4;2;1;1;3;0
171;other;other;course;father;3;1;2;no;yes;no;yes;no;yes;yes;no;3;4;5;2;4;2;0
172;other;other;reputation;mother;2;2;0;no;yes;yes;yes;yes;yes;yes;yes;4;3;2;1;1;3;2
173;teacher;other;reputation;mother;1;2;0;no;yes;yes;yes;yes;yes;yes;no;4;4;4;1;3;5;0
174;at_home;services;home;mother;1;2;3;no;no;no;yes;no;yes;yes;yes;4;3;5;1;1;3;0
175;other;other;reputation;mother;2;2;0;no;yes;yes;yes;yes;yes;yes;no;4;4;5;1;1;4;4
176;teacher;other;course;mother;2;2;0;no;no;yes;yes;yes;yes;yes;no;4;4;4;4;4;4;4
177;services;other;reputation;mother;2;2;0;no;no;yes;yes;no;yes;yes;no;3;4;4;1;4;5;2
178;other;other;reputation;father;1;2;0;no;no;no;yes;no;yes;yes;no;4;3;4;1;4;4;4
179;teacher;services;other;mother;1;1;0;no;yes;no;yes;yes;yes;yes;yes;4;3;3;3;4;3;10
180;other;other;course;mother;1;2;0;no;yes;no;yes;yes;yes;yes;yes;5;2;3;1;1;2;4
181;teacher;other;home;mother;1;2;0;no;yes;yes;yes;yes;yes;yes;no;3;4;3;2;3;3;10
182;services;other;home;mother;1;2;0;no;no;yes;yes;yes;yes;yes;yes;4;2;3;1;2;3;2
183;services;services;reputation;father;1;2;0;no;yes;no;yes;yes;yes;no;no;5;4;2;2;3;5;0
184;other;other;reputation;mother;1;2;0;no;yes;no;yes;yes;yes;yes;yes;5;3;3;2;3;1;56
185;other;other;reputation;mother;1;2;0;no;yes;yes;no;yes;yes;yes;no;1;2;2;1;2;1;14
186;services;services;other;mother;1;2;0;no;yes;no;yes;yes;yes;yes;yes;4;3;4;2;3;4;12
187;services;services;other;mother;1;1;0;no;yes;yes;yes;yes;yes;yes;yes;3;3;3;1;2;3;2
188;other;other;course;mother;1;2;0;no;no;yes;yes;yes;yes;yes;yes;4;2;3;1;2;5;0
189;health;other;reputation;mother;1;2;0;no;yes;no;no;no;yes;yes;yes;3;3;3;1;3;3;6
190;at_home;other;home;mother;1;2;0;no;no;no;no;yes;yes;no;no;3;1;3;1;5;3;4
191;services;services;course;mother;1;2;0;no;no;no;no;yes;yes;yes;no;4;3;3;1;1;2;10
192;at_home;services;course;mother;1;2;0;no;no;no;yes;yes;yes;yes;no;5;3;3;1;1;3;0
193;at_home;services;other;other;2;2;0;no;no;yes;yes;no;yes;yes;no;4;4;4;4;5;5;12
194;services;services;reputation;mother;1;1;0;no;yes;no;yes;yes;yes;yes;no;4;3;2;3;4;5;8
195;other;other;home;father;2;1;0;no;no;no;no;yes;yes;yes;no;5;3;3;1;1;3;0
196;services;services;course;father;1;2;0;no;no;no;yes;yes;yes;yes;yes;4;3;2;1;1;5;0
197;services;teacher;home;mother;1;1;0;no;no;no;no;yes;yes;yes;no;5;2;3;1;2;5;4
198;teacher;other;home;father;3;1;0;no;yes;yes;yes;yes;yes;yes;no;3;3;4;3;5;3;8
199;services;teacher;home;mother;2;1;1;no;yes;no;no;yes;yes;yes;no;4;2;4;2;3;2;24
200;teacher;teacher;reputation;mother;1;2;0;no;yes;yes;no;yes;yes;yes;no;4;5;2;1;2;3;0
201;health;other;home;mother;1;2;0;no;yes;no;yes;yes;yes;yes;no;4;3;5;1;5;2;2
202;other;other;reputation;mother;1;2;0;yes;yes;yes;yes;yes;yes;no;no;4;4;3;1;3;4;6
203;other;other;course;mother;1;2;0;no;yes;yes;no;no;yes;no;no;4;4;4;1;3;1;4
204;other;other;reputation;mother;1;1;0;no;yes;no;no;yes;yes;yes;no;5;3;2;1;2;3;18
205;services;services;reputation;mother;2;4;0;no;yes;yes;yes;no;yes;yes;no;5;3;5;1;1;5;6
206;at_home;services;home;mother;1;3;1;no;yes;yes;no;yes;yes;yes;yes;4;4;3;3;4;5;28
207;services;other;course;mother;1;2;3;no;yes;yes;no;yes;yes;yes;no;2;3;3;2;2;4;5
208;teacher;other;other;mother;1;2;0;no;no;yes;yes;yes;yes;yes;yes;1;3;2;1;1;1;10
209;at_home;other;home;mother;2;1;0;no;yes;yes;no;yes;yes;no;no;4;3;2;1;4;5;6
210;teacher;other;reputation;mother;2;3;0;no;yes;yes;yes;yes;yes;yes;yes;4;4;2;1;1;4;6
211;other;other;reputation;other;1;4;0;no;yes;yes;yes;yes;yes;yes;no;4;3;3;1;2;3;10
212;services;other;home;mother;1;2;0;no;yes;yes;no;yes;yes;yes;yes;5;3;5;4;5;3;13
213;other;other;reputation;mother;1;2;0;yes;yes;yes;no;yes;yes;yes;no;3;3;4;1;1;4;0
214;services;other;home;mother;1;2;1;no;yes;yes;yes;yes;yes;yes;no;4;4;4;2;4;5;15
215;services;other;other;mother;1;1;0;no;yes;yes;no;yes;yes;no;no;5;2;1;1;2;3;12
216;other;other;reputation;mother;2;2;0;no;no;yes;no;yes;yes;yes;no;4;4;4;1;3;1;2
217;other;other;reputation;mother;1;2;2;no;no;yes;no;yes;yes;yes;yes;3;4;5;2;4;1;22
218;services;health;home;father;1;2;1;no;yes;yes;no;yes;yes;yes;no;3;2;4;2;4;4;13
219;at_home;other;home;father;2;1;0;no;yes;yes;no;yes;yes;no;no;3;3;3;1;4;3;3
220;at_home;at_home;course;mother;1;3;0;no;yes;yes;yes;yes;yes;yes;no;4;3;3;1;1;4;4
221;at_home;services;reputation;mother;2;2;0;no;yes;no;yes;yes;yes;yes;no;4;2;5;1;2;5;2
222;at_home;other;reputation;mother;1;3;1;no;yes;no;yes;yes;yes;no;yes;4;3;4;1;1;5;0
223;services;teacher;other;mother;1;2;0;yes;no;no;no;yes;yes;yes;no;2;3;1;1;1;3;2
224;other;other;home;mother;2;2;0;no;yes;yes;no;yes;yes;yes;no;3;3;3;5;5;4;0
225;teacher;services;home;mother;1;3;0;no;yes;no;yes;no;yes;yes;no;5;3;2;1;1;5;0
226;other;other;reputation;mother;1;2;1;no;no;no;yes;yes;yes;yes;yes;5;3;3;1;1;4;16
227;other;other;course;mother;1;2;0;no;no;no;yes;no;yes;yes;no;5;3;4;1;3;3;10
228;services;services;reputation;father;1;2;0;no;yes;yes;no;no;yes;yes;no;5;3;3;1;3;3;2
229;at_home;other;course;mother;4;2;0;yes;yes;yes;yes;yes;yes;yes;yes;4;3;2;4;5;3;14
230;other;other;course;mother;2;3;0;no;no;no;yes;yes;yes;yes;yes;3;2;3;1;2;3;10
231;health;other;reputation;father;1;2;0;no;no;no;yes;yes;yes;yes;yes;3;2;3;1;2;3;14
232;other;other;course;father;2;2;0;no;yes;yes;yes;yes;yes;yes;no;4;5;2;1;1;1;4
233;teacher;teacher;reputation;mother;1;2;0;yes;yes;no;yes;yes;yes;yes;yes;4;5;5;1;3;2;14
234;health;other;reputation;father;1;2;0;no;yes;yes;yes;yes;yes;yes;no;4;2;4;2;4;1;2
235;other;other;home;mother;2;2;0;no;yes;yes;no;yes;yes;yes;no;3;4;2;1;1;5;18
236;at_home;other;reputation;mother;2;3;0;no;no;no;yes;yes;yes;yes;yes;5;3;3;1;3;2;10
237;other;other;home;father;1;2;0;no;no;yes;yes;no;yes;yes;yes;4;4;2;5;5;4;4
238;other;other;home;mother;1;1;0;no;no;no;no;yes;yes;yes;yes;4;5;2;1;1;5;20
239;at_home;services;course;mother;3;2;0;no;no;no;yes;yes;yes;no;no;2;1;1;1;1;3;2
240;other;services;reputation;father;1;2;1;no;no;no;no;yes;no;yes;no;5;5;4;3;5;2;0
241;health;other;course;mother;2;2;0;no;no;no;yes;yes;yes;yes;yes;2;5;5;1;4;5;14
242;teacher;other;course;mother;2;2;0;no;yes;yes;no;yes;yes;yes;no;3;3;3;2;3;4;2
243;teacher;other;course;mother;1;1;0;no;no;no;yes;no;yes;yes;no;5;4;5;1;1;3;0
244;services;services;course;mother;1;1;0;no;no;no;yes;yes;yes;yes;no;5;3;2;1;2;5;0
245;other;other;course;other;2;3;0;no;yes;yes;no;no;yes;yes;yes;4;4;4;1;1;3;0
246;other;other;course;mother;3;1;0;no;no;no;no;yes;yes;yes;no;4;3;3;1;1;4;6
247;other;other;course;father;2;1;0;no;no;no;no;yes;yes;yes;no;5;2;2;1;1;2;4
248;services;services;other;mother;1;1;3;no;no;no;no;no;no;yes;yes;5;4;5;5;5;1;16
249;other;services;course;mother;1;2;1;no;yes;no;no;yes;yes;yes;yes;4;3;3;1;3;5;8
250;other;other;other;mother;1;1;0;no;no;yes;no;no;yes;yes;no;4;3;2;2;4;5;0
251;services;other;course;mother;2;1;1;no;no;no;no;yes;no;yes;no;4;4;5;2;4;5;0
252;at_home;other;reputation;other;3;2;0;yes;yes;no;no;no;yes;yes;no;5;3;3;1;3;2;6
253;services;services;other;mother;1;1;1;no;no;no;no;no;no;yes;no;3;2;5;2;5;5;4
254;other;other;course;mother;2;1;0;no;no;no;yes;no;yes;no;no;3;3;2;1;3;3;0
255;other;other;course;mother;1;1;0;no;no;no;no;no;yes;yes;no;4;4;2;2;4;5;0
256;health;other;course;mother;2;1;1;no;yes;no;yes;yes;yes;yes;no;4;4;4;1;2;5;2
257;teacher;services;reputation;mother;1;4;0;no;yes;yes;yes;yes;yes;yes;no;4;2;3;1;1;4;6
258;services;at_home;reputation;mother;1;2;0;no;yes;no;no;yes;yes;yes;no;4;3;1;1;1;1;12
259;other;other;home;mother;1;2;0;no;no;no;yes;yes;yes;yes;no;5;2;4;1;2;4;8
260;services;services;course;father;1;4;0;no;no;yes;yes;yes;yes;yes;yes;3;4;1;1;1;2;0
261;services;other;home;father;1;2;0;no;yes;yes;no;yes;yes;yes;yes;3;1;2;1;3;2;21
262;teacher;other;course;mother;1;2;0;no;yes;yes;no;no;yes;yes;no;4;3;2;1;1;3;2
263;other;other;course;mother;1;3;0;no;no;no;yes;no;yes;no;no;5;3;2;1;1;3;1
264;other;other;home;mother;1;3;0;no;no;no;yes;no;yes;no;no;3;2;3;1;1;4;4
265;at_home;services;home;mother;1;3;0;no;yes;yes;yes;yes;yes;yes;yes;4;3;3;1;1;3;0
266;other;other;reputation;mother;2;2;0;no;yes;yes;yes;yes;yes;yes;no;4;2;5;3;4;1;13
267;services;other;other;mother;1;2;0;no;no;yes;yes;yes;yes;yes;yes;5;4;4;3;4;5;2
268;teacher;other;reputation;mother;2;2;0;no;no;yes;yes;yes;yes;yes;no;4;3;4;2;2;4;8
269;health;other;reputation;father;1;2;0;no;yes;yes;yes;yes;yes;yes;yes;5;4;5;1;3;5;10
270;other;other;reputation;mother;2;2;0;no;yes;no;no;yes;no;yes;yes;4;3;5;1;2;3;0
271;other;services;home;other;1;2;2;no;yes;yes;yes;yes;yes;yes;no;4;3;5;3;3;5;15
272;other;services;reputation;father;1;4;0;no;yes;yes;yes;yes;yes;yes;yes;4;5;5;1;3;2;4
273;other;other;home;mother;2;2;0;no;yes;yes;no;no;yes;no;no;4;4;3;1;1;3;2
274;at_home;at_home;home;mother;1;2;0;no;yes;yes;yes;no;yes;no;yes;3;5;2;2;2;1;2
275;at_home;health;reputation;mother;2;2;0;no;yes;yes;no;yes;yes;yes;yes;4;3;3;1;1;1;2
276;services;other;course;mother;2;2;0;yes;yes;yes;no;yes;yes;yes;yes;4;4;4;2;3;5;6
277;other;services;home;mother;2;2;0;no;no;no;no;no;no;yes;yes;4;1;1;1;1;5;75
278;teacher;services;home;mother;2;1;0;no;no;yes;yes;yes;yes;yes;no;3;2;4;1;4;3;22
279;health;health;reputation;father;1;2;1;yes;yes;no;yes;yes;yes;yes;yes;2;4;4;1;1;4;15
280;teacher;services;course;mother;2;1;0;no;no;yes;yes;yes;yes;yes;no;4;2;3;1;2;1;8
281;services;other;home;mother;2;1;0;no;no;yes;yes;yes;yes;yes;yes;4;5;4;2;4;5;30
282;teacher;services;home;mother;1;1;1;no;no;no;no;yes;yes;yes;no;4;4;4;3;4;3;19
283;at_home;other;reputation;mother;2;4;0;no;yes;yes;yes;yes;yes;no;no;5;2;2;1;1;3;1
284;other;other;home;mother;2;2;0;yes;no;no;yes;yes;yes;yes;no;5;4;4;1;1;4;4
285;other;other;course;mother;1;2;0;no;yes;no;no;no;yes;yes;no;5;4;5;1;2;5;4
286;other;other;reputation;father;1;2;0;no;no;yes;no;no;yes;yes;no;4;3;3;1;2;4;2
287;at_home;at_home;other;mother;1;3;0;no;yes;yes;no;yes;yes;yes;no;4;3;3;1;2;2;5
288;services;teacher;reputation;mother;1;3;0;no;yes;yes;no;yes;yes;yes;no;4;3;3;1;1;3;6
289;services;services;reputation;mother;1;3;0;no;no;yes;yes;yes;yes;yes;no;4;2;4;1;3;2;6
290;teacher;teacher;reputation;mother;1;2;0;no;yes;yes;yes;yes;yes;yes;no;5;4;3;1;1;2;9
291;teacher;other;home;mother;1;2;0;no;yes;yes;yes;yes;yes;yes;yes;4;3;2;1;4;5;11
292;health;services;reputation;mother;1;3;0;no;yes;yes;no;yes;yes;yes;no;4;2;2;1;2;3;0
293;services;at_home;reputation;mother;1;2;1;no;no;no;no;yes;yes;yes;yes;5;4;3;1;1;5;12
294;services;other;reputation;mother;2;4;0;no;yes;yes;no;yes;yes;no;no;3;1;2;1;1;3;6
295;services;other;reputation;mother;2;3;0;no;yes;yes;yes;yes;yes;yes;no;5;4;2;1;1;4;8
296;health;other;home;mother;1;1;0;no;yes;yes;no;yes;yes;yes;no;4;4;3;1;3;5;4
297;health;other;reputation;other;2;2;0;no;yes;yes;yes;yes;yes;yes;no;2;3;4;2;3;2;0
298;other;other;home;other;2;2;0;no;yes;yes;no;yes;yes;yes;yes;4;4;5;1;2;2;10
299;other;other;reputation;father;1;4;0;no;yes;yes;no;yes;yes;yes;no;4;3;3;1;1;3;0
300;teacher;teacher;home;mother;1;1;0;no;yes;yes;no;yes;yes;yes;yes;1;4;2;2;2;1;5
301;health;other;home;mother;1;2;0;no;yes;no;no;yes;yes;yes;yes;4;2;4;1;1;4;14
302;other;teacher;home;father;2;1;0;no;no;yes;no;yes;yes;yes;no;4;1;1;2;2;5;0
303;other;other;reputation;mother;2;3;0;no;yes;yes;no;yes;yes;yes;no;4;3;3;1;1;3;0
304;health;health;reputation;father;1;4;0;no;yes;yes;yes;no;yes;yes;no;5;2;2;1;2;5;0
305;other;other;home;other;1;2;1;no;yes;no;yes;yes;yes;yes;yes;4;4;4;1;1;3;20
306;services;at_home;reputation;other;1;2;1;no;yes;yes;yes;yes;yes;yes;no;4;4;3;1;1;3;8
307;services;other;course;other;1;1;0;no;no;no;yes;yes;yes;no;no;5;5;3;1;1;5;0
308;teacher;services;reputation;other;2;1;1;no;yes;yes;no;yes;yes;yes;yes;4;3;4;1;1;4;38
309;other;services;reputation;father;1;2;1;no;no;no;yes;yes;yes;no;yes;4;5;3;1;2;5;0
310;at_home;other;reputation;other;1;2;1;yes;yes;no;yes;no;yes;yes;no;4;4;3;1;3;3;18
311;services;services;home;other;1;2;1;no;no;no;yes;no;yes;no;yes;4;2;4;2;2;3;0
312;at_home;other;other;other;3;2;0;no;yes;no;no;yes;no;yes;yes;3;4;1;1;1;2;20
313;other;services;course;other;1;2;1;no;no;no;no;no;yes;yes;no;4;5;2;2;2;4;3
314;services;other;reputation;other;2;2;1;no;yes;yes;no;no;yes;yes;yes;4;2;2;1;2;1;22
315;at_home;health;home;other;1;3;2;no;no;no;no;no;yes;yes;yes;4;1;2;1;1;3;14
316;other;other;reputation;other;1;3;1;no;no;no;no;yes;yes;yes;yes;4;1;2;1;1;3;40
317;services;other;course;mother;2;2;0;no;yes;yes;yes;yes;yes;yes;no;5;3;3;1;2;1;0
318;other;other;course;mother;1;3;0;no;yes;yes;yes;yes;yes;yes;yes;4;3;4;1;1;5;9
319;at_home;services;course;father;1;3;0;no;yes;yes;yes;no;yes;yes;no;4;3;4;2;5;5;0
320;teacher;other;course;mother;1;2;0;no;yes;yes;no;yes;yes;yes;no;4;4;4;3;3;5;2
321;services;services;course;mother;1;2;0;no;yes;yes;no;yes;yes;yes;yes;5;2;2;1;2;5;23
322;other;other;course;mother;1;2;0;no;yes;no;no;yes;yes;no;yes;4;2;2;1;1;3;12
323;services;services;course;mother;1;3;0;no;yes;yes;yes;yes;yes;yes;no;3;3;2;2;2;3;3
324;services;services;course;father;1;3;0;no;yes;no;no;no;yes;yes;no;3;4;3;2;3;5;1
325;at_home;at_home;home;father;2;3;0;no;no;no;no;yes;yes;yes;no;3;3;3;2;3;2;0
326;other;other;course;mother;1;3;0;no;no;no;yes;yes;yes;yes;no;4;3;3;2;2;3;3
327;other;services;reputation;mother;1;1;0;no;no;no;yes;no;yes;yes;no;4;3;5;3;5;5;3
328;services;other;course;mother;4;1;0;no;yes;no;no;yes;yes;yes;no;4;4;5;5;5;4;8
329;teacher;services;course;mother;1;3;0;no;yes;yes;yes;yes;yes;yes;no;5;4;4;1;3;4;7
330;teacher;teacher;course;mother;2;3;0;no;yes;yes;no;no;yes;yes;yes;4;3;3;1;2;4;4
331;other;other;course;mother;1;4;0;no;yes;no;yes;yes;yes;yes;no;4;5;5;2;4;5;2
332;at_home;other;course;father;1;3;0;no;yes;no;no;yes;yes;yes;yes;4;4;3;1;1;5;7
333;services;services;home;mother;1;2;0;no;no;no;yes;yes;yes;yes;no;5;3;4;1;1;4;0
334;other;other;home;other;1;2;0;no;no;no;yes;no;yes;yes;yes;4;3;3;1;1;2;0
335;at_home;other;course;mother;2;4;0;no;no;no;yes;yes;yes;no;no;4;4;4;1;1;4;0
336;services;other;course;mother;1;3;0;no;no;no;no;yes;yes;yes;no;4;4;5;1;3;5;16
337;services;at_home;home;other;1;3;1;no;no;yes;no;yes;yes;no;no;5;4;3;1;2;5;12
338;other;other;home;mother;1;2;0;no;yes;yes;no;yes;yes;yes;yes;4;3;2;2;3;2;0
339;services;services;home;mother;1;4;0;no;yes;no;no;yes;yes;yes;no;5;3;3;1;1;1;7
340;other;other;home;mother;1;2;0;no;yes;yes;no;yes;yes;yes;no;4;3;3;2;3;2;4
341;services;services;home;other;1;3;1;no;no;yes;yes;yes;yes;yes;yes;4;3;4;1;3;3;4
342;teacher;services;home;father;1;2;1;no;yes;no;yes;yes;yes;yes;no;4;3;3;2;2;2;0
343;services;other;home;mother;1;2;0;no;no;no;yes;yes;yes;yes;yes;4;3;3;1;3;5;11
344;at_home;at_home;home;father;1;2;1;no;yes;no;no;yes;yes;yes;yes;3;3;1;1;2;4;0
345;at_home;other;course;mother;1;3;0;no;yes;no;no;yes;yes;yes;no;4;3;3;1;2;3;4
346;other;services;other;mother;1;3;0;no;no;no;no;yes;yes;yes;yes;5;4;3;2;3;1;7
347;teacher;services;course;mother;1;3;0;no;no;no;no;yes;yes;yes;yes;5;3;2;1;2;4;9
348;teacher;other;course;mother;1;3;0;no;yes;yes;no;yes;yes;yes;yes;5;4;5;2;3;5;0
349;health;other;reputation;mother;1;3;0;no;yes;yes;yes;yes;yes;yes;yes;4;4;3;1;3;4;0
350;other;other;course;mother;2;1;1;no;yes;no;no;no;yes;yes;no;2;5;5;5;5;5;10
351;other;services;home;other;3;2;3;no;no;no;no;yes;yes;yes;no;5;4;4;3;3;2;8
352;health;other;course;mother;2;2;0;no;yes;yes;no;yes;yes;yes;no;4;5;4;2;3;3;2
353;at_home;services;course;mother;1;1;1;no;no;no;no;yes;no;yes;yes;4;3;3;2;3;3;7
354;other;other;home;other;3;1;1;no;yes;no;no;yes;yes;yes;no;4;4;4;3;3;5;4
355;services;other;home;mother;2;2;0;no;yes;yes;yes;no;yes;yes;yes;4;5;5;1;3;2;4
356;services;services;course;father;1;2;0;no;yes;no;no;yes;yes;no;yes;5;3;4;1;1;5;0
357;teacher;services;other;father;2;2;0;no;yes;yes;yes;yes;yes;yes;no;4;3;3;1;2;5;4
358;services;other;reputation;mother;2;2;0;no;no;no;no;yes;yes;no;yes;1;2;3;1;2;5;2
359;other;services;home;father;2;1;0;no;no;no;no;no;yes;yes;yes;3;3;2;1;2;3;4
360;at_home;services;course;father;2;3;0;no;no;no;no;yes;yes;yes;no;5;3;2;1;1;4;0
361;at_home;other;course;mother;3;2;0;no;no;no;no;yes;yes;no;yes;4;3;4;1;4;5;0
362;at_home;other;other;mother;2;2;1;no;no;no;yes;no;no;no;no;4;4;3;2;3;5;2
363;services;services;other;mother;2;2;0;no;yes;no;no;yes;yes;yes;yes;4;3;2;1;3;3;0
364;at_home;at_home;course;mother;1;2;0;no;yes;yes;yes;yes;yes;yes;yes;2;3;4;1;1;1;0
365;other;services;course;father;2;2;0;no;no;no;no;no;yes;no;no;3;2;2;1;2;3;0
366;at_home;other;course;mother;2;2;0;no;yes;yes;no;yes;yes;no;no;3;3;4;2;4;3;4
367;teacher;services;other;mother;2;3;0;no;no;yes;no;yes;yes;yes;yes;4;2;2;2;2;5;0
368;other;services;reputation;mother;3;1;1;no;yes;yes;no;yes;yes;yes;yes;5;2;1;1;2;1;0
369;at_home;services;course;father;2;1;0;no;yes;yes;no;yes;yes;yes;yes;5;2;3;1;2;4;0
370;other;teacher;other;father;3;2;0;no;yes;yes;no;no;yes;yes;yes;3;2;2;4;2;5;10
371;services;services;home;other;2;2;2;no;no;no;yes;yes;yes;no;yes;3;2;2;1;1;3;4
372;at_home;services;other;father;3;1;0;no;yes;yes;yes;yes;no;yes;yes;4;3;3;2;3;3;3
373;other;at_home;home;mother;1;3;0;no;no;no;yes;yes;yes;no;yes;3;4;3;1;1;3;8
374;other;other;course;mother;1;1;0;no;no;no;yes;yes;yes;yes;no;3;5;5;1;3;1;14
375;other;other;reputation;mother;2;3;0;no;no;no;no;yes;yes;yes;no;5;4;4;1;1;1;0
376;other;other;home;mother;4;3;0;no;no;no;no;yes;yes;yes;no;4;3;2;1;2;4;2
377;health;other;course;other;2;3;2;no;yes;yes;no;no;yes;yes;yes;5;4;3;1;1;3;4
378;teacher;services;course;mother;1;2;0;no;no;yes;yes;yes;yes;yes;no;5;4;3;3;4;2;4
379;other;other;home;mother;1;2;0;no;no;yes;no;yes;yes;yes;yes;4;1;3;1;2;1;0
380;at_home;other;reputation;mother;1;2;0;no;yes;yes;yes;no;yes;yes;no;4;5;4;2;3;1;17
381;teacher;teacher;home;father;1;2;0;no;no;yes;yes;no;yes;yes;no;3;2;4;1;4;2;4
382;other;other;other;mother;2;1;0;no;no;no;yes;no;yes;yes;yes;4;4;3;1;3;5;5
383;other;services;home;father;2;2;0;no;no;no;yes;yes;yes;yes;no;4;4;3;1;1;3;2
384;other;services;other;mother;2;1;1;no;no;no;no;yes;yes;no;no;4;3;2;1;3;5;0
385;other;other;home;father;2;1;1;no;no;yes;no;yes;yes;no;no;5;4;3;4;3;3;14
386;at_home;other;other;mother;2;3;0;no;no;yes;no;yes;yes;no;no;5;3;3;1;3;4;2
387;teacher;at_home;reputation;mother;3;1;0;no;yes;yes;yes;yes;yes;yes;yes;4;4;3;2;2;5;7
388;services;other;course;mother;1;3;1;no;no;no;yes;no;yes;yes;no;5;4;2;1;2;5;0
389;teacher;services;course;mother;1;2;0;no;yes;yes;no;yes;yes;yes;no;4;3;4;1;1;1;0
390;other;other;course;mother;2;2;1;no;no;no;yes;yes;yes;no;no;1;1;1;1;1;5;0
391;services;services;course;other;1;2;2;no;yes;yes;no;yes;yes;no;no;5;5;4;4;5;4;11
392;services;services;course;mother;2;1;0;no;no;no;no;no;yes;yes;no;2;4;5;3;4;2;3
393;other;other;course;other;1;1;3;no;no;no;no;no;yes;no;no;5;5;3;3;3;3;3
394;services;other;course;mother;3;1;0;no;no;no;no;no;yes;yes;no;4;4;1;3;4;5;0
395;other;at_home;course;father;1;1;0;no;no;no;no;yes;yes;yes;no;3;2;3;3;3;5;5
