,type,value,start,end,name,createdAt,instanceId,id
0,Counter,16044,,,agent.ping.count,2022-01-23T21:03:38,pop-os,32939
1,Measurement,12,,,agent.ping.roundtriptime,2022-01-23T21:03:36,pop-os,32941
2,Counter,16043,,,agent.ping.count,2022-01-23T21:03:36,pop-os,32938
3,Measurement,14,,,agent.ping.roundtriptime,2022-01-23T21:03:34,pop-os,32940
4,Counter,16042,,,agent.ping.count,2022-01-23T21:03:34,pop-os,32937
5,Counter,16041,,,agent.ping.count,2022-01-23T21:03:32,pop-os,32936
6,Measurement,11,,,agent.ping.roundtriptime,2022-01-23T21:03:32,pop-os,32935
7,Measurement,16,,,agent.ping.roundtriptime,2022-01-23T21:03:30,pop-os,32934
8,Counter,16040,,,agent.ping.count,2022-01-23T21:03:30,pop-os,32929
9,Measurement,17,,,agent.ping.roundtriptime,2022-01-23T21:03:28,pop-os,32933
10,Measurement,0,2022-01-23T20:43:39,2022-01-23T21:03:28,agent.ping.average.failure,2022-01-23T21:03:28,pop-os,32932
11,Counter,16039,,,agent.ping.count,2022-01-23T21:03:28,pop-os,32928
12,Measurement,18,,,agent.ping.roundtriptime,2022-01-23T21:03:26,pop-os,32931
13,Counter,16038,,,agent.ping.count,2022-01-23T21:03:26,pop-os,32927
14,Measurement,14,,,agent.ping.roundtriptime,2022-01-23T21:03:24,pop-os,32930
15,Counter,16037,,,agent.ping.count,2022-01-23T21:03:24,pop-os,32926
16,Measurement,14,,,agent.ping.roundtriptime,2022-01-23T21:03:22,pop-os,32925
17,Counter,16036,,,agent.ping.count,2022-01-23T21:03:22,pop-os,32920
18,Measurement,17,,,agent.ping.roundtriptime,2022-01-23T21:03:20,pop-os,32924
19,Counter,16035,,,agent.ping.count,2022-01-23T21:03:20,pop-os,32919
20,Measurement,11,,,agent.ping.roundtriptime,2022-01-23T21:03:18,pop-os,32923
21,Counter,16034,,,agent.ping.count,2022-01-23T21:03:18,pop-os,32918
22,Measurement,18,,,agent.ping.roundtriptime,2022-01-23T21:03:16,pop-os,32922
23,Counter,16033,,,agent.ping.count,2022-01-23T21:03:16,pop-os,32917
24,Measurement,18,,,agent.ping.roundtriptime,2022-01-23T21:03:14,pop-os,32921
25,Counter,16032,,,agent.ping.count,2022-01-23T21:03:14,pop-os,32916
26,Measurement,13,,,agent.ping.roundtriptime,2022-01-23T21:03:12,pop-os,32915
27,Counter,16031,,,agent.ping.count,2022-01-23T21:03:12,pop-os,32910
28,Measurement,16,,,agent.ping.roundtriptime,2022-01-23T21:03:10,pop-os,32914
29,Counter,16030,,,agent.ping.count,2022-01-23T21:03:10,pop-os,32909
30,Measurement,13,,,agent.ping.roundtriptime,2022-01-23T21:03:08,pop-os,32913
31,Measurement,0,2022-01-23T20:43:39,2022-01-23T21:03:08,agent.ping.average.failure,2022-01-23T21:03:08,pop-os,32912
32,Counter,16029,,,agent.ping.count,2022-01-23T21:03:08,pop-os,32908
33,Measurement,18,,,agent.ping.roundtriptime,2022-01-23T21:03:06,pop-os,32911
34,Counter,16028,,,agent.ping.count,2022-01-23T21:03:06,pop-os,32907
35,Counter,16027,,,agent.ping.count,2022-01-23T21:03:04,pop-os,32906
36,Measurement,22,,,agent.ping.roundtriptime,2022-01-23T21:03:03,pop-os,32905
37,Measurement,15,,,agent.ping.roundtriptime,2022-01-23T21:03:01,pop-os,32904
38,Counter,16026,,,agent.ping.count,2022-01-23T21:03:01,pop-os,32900
39,Measurement,10,,,agent.ping.roundtriptime,2022-01-23T21:02:59,pop-os,32903
40,Counter,16025,,,agent.ping.count,2022-01-23T21:02:59,pop-os,32899
41,Measurement,14,,,agent.ping.roundtriptime,2022-01-23T21:02:57,pop-os,32902
42,Counter,16024,,,agent.ping.count,2022-01-23T21:02:57,pop-os,32898
43,Measurement,17,,,agent.ping.roundtriptime,2022-01-23T21:02:55,pop-os,32901
44,Counter,16023,,,agent.ping.count,2022-01-23T21:02:55,pop-os,32897
45,Counter,16022,,,agent.ping.count,2022-01-23T21:02:53,pop-os,32896
46,Measurement,14,,,agent.ping.roundtriptime,2022-01-23T21:02:53,pop-os,32895
47,Measurement,48,,,agent.ping.roundtriptime,2022-01-23T21:02:51,pop-os,32894
48,Counter,16021,,,agent.ping.count,2022-01-23T21:02:51,pop-os,32889
49,Measurement,17,,,agent.ping.roundtriptime,2022-01-23T21:02:49,pop-os,32893
50,Counter,16020,,,agent.ping.count,2022-01-23T21:02:49,pop-os,32888
51,Measurement,15,,,agent.ping.roundtriptime,2022-01-23T21:02:47,pop-os,32892
52,Measurement,0,2022-01-23T20:43:39,2022-01-23T21:02:47,agent.ping.average.failure,2022-01-23T21:02:47,pop-os,32891
53,Counter,16019,,,agent.ping.count,2022-01-23T21:02:47,pop-os,32887
54,Measurement,12,,,agent.ping.roundtriptime,2022-01-23T21:02:45,pop-os,32890
55,Counter,16018,,,agent.ping.count,2022-01-23T21:02:45,pop-os,32886
56,Measurement,23,,,agent.ping.roundtriptime,2022-01-23T21:02:43,pop-os,32885
57,Counter,16017,,,agent.ping.count,2022-01-23T21:02:43,pop-os,32880
58,Measurement,13,,,agent.ping.roundtriptime,2022-01-23T21:02:41,pop-os,32884
59,Counter,16016,,,agent.ping.count,2022-01-23T21:02:41,pop-os,32879
60,Measurement,43,,,agent.ping.roundtriptime,2022-01-23T21:02:39,pop-os,32883
61,Counter,16015,,,agent.ping.count,2022-01-23T21:02:39,pop-os,32878
62,Measurement,15,,,agent.ping.roundtriptime,2022-01-23T21:02:37,pop-os,32882
63,Counter,16014,,,agent.ping.count,2022-01-23T21:02:37,pop-os,32877
64,Measurement,15,,,agent.ping.roundtriptime,2022-01-23T21:02:35,pop-os,32881
65,Counter,16013,,,agent.ping.count,2022-01-23T21:02:35,pop-os,32876
66,Measurement,26,,,agent.ping.roundtriptime,2022-01-23T21:02:33,pop-os,32875
67,Counter,16012,,,agent.ping.count,2022-01-23T21:02:33,pop-os,32870
68,Measurement,13,,,agent.ping.roundtriptime,2022-01-23T21:02:31,pop-os,32874
69,Counter,16011,,,agent.ping.count,2022-01-23T21:02:31,pop-os,32869
70,Measurement,11,,,agent.ping.roundtriptime,2022-01-23T21:02:29,pop-os,32873
71,Counter,16010,,,agent.ping.count,2022-01-23T21:02:29,pop-os,32868
72,Measurement,15,,,agent.ping.roundtriptime,2022-01-23T21:02:27,pop-os,32872
73,Measurement,0,2022-01-23T20:43:39,2022-01-23T21:02:27,agent.ping.average.failure,2022-01-23T21:02:27,pop-os,32871
74,Counter,16009,,,agent.ping.count,2022-01-23T21:02:27,pop-os,32867
75,Counter,16008,,,agent.ping.count,2022-01-23T21:02:25,pop-os,32866
76,Measurement,14,,,agent.ping.roundtriptime,2022-01-23T21:02:24,pop-os,32865
77,Measurement,23,,,agent.ping.roundtriptime,2022-01-23T21:02:22,pop-os,32864
78,Counter,16007,,,agent.ping.count,2022-01-23T21:02:22,pop-os,32860
79,Measurement,17,,,agent.ping.roundtriptime,2022-01-23T21:02:20,pop-os,32863
80,Counter,16006,,,agent.ping.count,2022-01-23T21:02:20,pop-os,32859
81,Measurement,15,,,agent.ping.roundtriptime,2022-01-23T21:02:18,pop-os,32862
82,Counter,16005,,,agent.ping.count,2022-01-23T21:02:18,pop-os,32858
83,Measurement,15,,,agent.ping.roundtriptime,2022-01-23T21:02:16,pop-os,32861
84,Counter,16004,,,agent.ping.count,2022-01-23T21:02:16,pop-os,32857
85,Counter,16003,,,agent.ping.count,2022-01-23T21:02:14,pop-os,32856
86,Measurement,56,,,agent.ping.roundtriptime,2022-01-23T21:02:14,pop-os,32855
87,Measurement,12,,,agent.ping.roundtriptime,2022-01-23T21:02:12,pop-os,32854
88,Counter,16002,,,agent.ping.count,2022-01-23T21:02:12,pop-os,32849
89,Measurement,17,,,agent.ping.roundtriptime,2022-01-23T21:02:10,pop-os,32853
90,Counter,16001,,,agent.ping.count,2022-01-23T21:02:10,pop-os,32848
91,Measurement,12,,,agent.ping.roundtriptime,2022-01-23T21:02:08,pop-os,32852
92,Counter,16000,,,agent.ping.count,2022-01-23T21:02:08,pop-os,32847
93,Measurement,11,,,agent.ping.roundtriptime,2022-01-23T21:02:06,pop-os,32851
94,Measurement,0,2022-01-23T20:43:39,2022-01-23T21:02:06,agent.ping.average.failure,2022-01-23T21:02:06,pop-os,32850
95,Counter,15999,,,agent.ping.count,2022-01-23T21:02:06,pop-os,32846
96,Measurement,15,,,agent.ping.roundtriptime,2022-01-23T21:02:04,pop-os,32845
97,Counter,15998,,,agent.ping.count,2022-01-23T21:02:04,pop-os,32840
98,Measurement,16,,,agent.ping.roundtriptime,2022-01-23T21:02:02,pop-os,32844
99,Counter,15997,,,agent.ping.count,2022-01-23T21:02:02,pop-os,32839
100,Measurement,17,,,agent.ping.roundtriptime,2022-01-23T21:02:00,pop-os,32843
101,Counter,15996,,,agent.ping.count,2022-01-23T21:02:00,pop-os,32838
102,Measurement,16,,,agent.ping.roundtriptime,2022-01-23T21:01:58,pop-os,32842
103,Counter,15995,,,agent.ping.count,2022-01-23T21:01:58,pop-os,32837
104,Measurement,15,,,agent.ping.roundtriptime,2022-01-23T21:01:56,pop-os,32841
105,Counter,15994,,,agent.ping.count,2022-01-23T21:01:56,pop-os,32836
106,Measurement,19,,,agent.ping.roundtriptime,2022-01-23T21:01:54,pop-os,32835
107,Counter,15993,,,agent.ping.count,2022-01-23T21:01:54,pop-os,32830
108,Measurement,15,,,agent.ping.roundtriptime,2022-01-23T21:01:52,pop-os,32834
109,Counter,15992,,,agent.ping.count,2022-01-23T21:01:52,pop-os,32829
110,Measurement,18,,,agent.ping.roundtriptime,2022-01-23T21:01:50,pop-os,32833
111,Counter,15991,,,agent.ping.count,2022-01-23T21:01:50,pop-os,32828
112,Measurement,18,,,agent.ping.roundtriptime,2022-01-23T21:01:48,pop-os,32832
113,Counter,15990,,,agent.ping.count,2022-01-23T21:01:48,pop-os,32827
114,Measurement,12,,,agent.ping.roundtriptime,2022-01-23T21:01:46,pop-os,32831
115,Counter,15989,,,agent.ping.count,2022-01-23T21:01:46,pop-os,32826
116,Measurement,0,2022-01-23T20:43:39,2022-01-23T21:01:45,agent.ping.average.failure,2022-01-23T21:01:45,pop-os,32825
117,Measurement,14,,,agent.ping.roundtriptime,2022-01-23T21:01:43,pop-os,32824
118,Counter,15988,,,agent.ping.count,2022-01-23T21:01:43,pop-os,32820
119,Measurement,12,,,agent.ping.roundtriptime,2022-01-23T21:01:41,pop-os,32823
120,Counter,15987,,,agent.ping.count,2022-01-23T21:01:41,pop-os,32819
121,Measurement,12,,,agent.ping.roundtriptime,2022-01-23T21:01:39,pop-os,32822
122,Counter,15986,,,agent.ping.count,2022-01-23T21:01:39,pop-os,32818
123,Measurement,13,,,agent.ping.roundtriptime,2022-01-23T21:01:37,pop-os,32821
124,Counter,15985,,,agent.ping.count,2022-01-23T21:01:37,pop-os,32817
125,Counter,15984,,,agent.ping.count,2022-01-23T21:01:35,pop-os,32816
126,Measurement,16,,,agent.ping.roundtriptime,2022-01-23T21:01:35,pop-os,32815
127,Measurement,13,,,agent.ping.roundtriptime,2022-01-23T21:01:33,pop-os,32814
128,Counter,15983,,,agent.ping.count,2022-01-23T21:01:33,pop-os,32810
129,Measurement,14,,,agent.ping.roundtriptime,2022-01-23T21:01:31,pop-os,32813
130,Counter,15982,,,agent.ping.count,2022-01-23T21:01:31,pop-os,32809
131,Measurement,17,,,agent.ping.roundtriptime,2022-01-23T21:01:29,pop-os,32812
132,Counter,15981,,,agent.ping.count,2022-01-23T21:01:29,pop-os,32808
133,Measurement,11,,,agent.ping.roundtriptime,2022-01-23T21:01:27,pop-os,32811
134,Counter,15980,,,agent.ping.count,2022-01-23T21:01:27,pop-os,32807
135,Counter,15979,,,agent.ping.count,2022-01-23T21:01:25,pop-os,32806
136,Measurement,16,,,agent.ping.roundtriptime,2022-01-23T21:01:25,pop-os,32805
137,Measurement,0,2022-01-23T20:43:39,2022-01-23T21:01:25,agent.ping.average.failure,2022-01-23T21:01:25,pop-os,32804
138,Measurement,16,,,agent.ping.roundtriptime,2022-01-23T21:01:23,pop-os,32803
139,Counter,15978,,,agent.ping.count,2022-01-23T21:01:23,pop-os,32799
140,Measurement,14,,,agent.ping.roundtriptime,2022-01-23T21:01:21,pop-os,32802
141,Counter,15977,,,agent.ping.count,2022-01-23T21:01:21,pop-os,32798
142,Measurement,28,,,agent.ping.roundtriptime,2022-01-23T21:01:19,pop-os,32801
143,Counter,15976,,,agent.ping.count,2022-01-23T21:01:19,pop-os,32797
144,Measurement,12,,,agent.ping.roundtriptime,2022-01-23T21:01:17,pop-os,32800
145,Counter,15975,,,agent.ping.count,2022-01-23T21:01:17,pop-os,32796
146,Measurement,13,,,agent.ping.roundtriptime,2022-01-23T21:01:15,pop-os,32795
147,Counter,15974,,,agent.ping.count,2022-01-23T21:01:15,pop-os,32790
148,Measurement,14,,,agent.ping.roundtriptime,2022-01-23T21:01:13,pop-os,32794
149,Counter,15973,,,agent.ping.count,2022-01-23T21:01:13,pop-os,32789
150,Measurement,14,,,agent.ping.roundtriptime,2022-01-23T21:01:11,pop-os,32793
151,Counter,15972,,,agent.ping.count,2022-01-23T21:01:11,pop-os,32788
152,Measurement,27,,,agent.ping.roundtriptime,2022-01-23T21:01:09,pop-os,32792
153,Counter,15971,,,agent.ping.count,2022-01-23T21:01:09,pop-os,32787
154,Measurement,13,,,agent.ping.roundtriptime,2022-01-23T21:01:07,pop-os,32791
155,Counter,15970,,,agent.ping.count,2022-01-23T21:01:07,pop-os,32786
156,Measurement,11,,,agent.ping.roundtriptime,2022-01-23T21:01:04,pop-os,32785
157,Measurement,1,2022-01-23T20:43:39,2022-01-23T21:01:04,agent.ping.average.failure,2022-01-23T21:01:04,pop-os,32784
158,Counter,15969,,,agent.ping.count,2022-01-23T21:01:04,pop-os,32782
159,Measurement,93,,,agent.ping.roundtriptime,2022-01-23T21:01:02,pop-os,32783
160,Counter,15968,,,agent.ping.count,2022-01-23T21:01:02,pop-os,32781
161,Counter,15967,,,agent.ping.count,2022-01-23T21:01:00,pop-os,32780
162,Counter,15966,,,agent.ping.count,2022-01-23T21:00:58,pop-os,32779
163,Counter,15965,,,agent.ping.count,2022-01-23T21:00:56,pop-os,32778
164,Counter,15964,,,agent.ping.count,2022-01-23T21:00:54,pop-os,32777
165,Counter,15963,,,agent.ping.count,2022-01-23T21:00:52,pop-os,32776
166,Measurement,13,,,agent.ping.roundtriptime,2022-01-23T21:00:50,pop-os,32775
167,Counter,15962,,,agent.ping.count,2022-01-23T21:00:50,pop-os,32770
168,Measurement,25,,,agent.ping.roundtriptime,2022-01-23T21:00:48,pop-os,32774
169,Counter,15961,,,agent.ping.count,2022-01-23T21:00:48,pop-os,32769
170,Measurement,17,,,agent.ping.roundtriptime,2022-01-23T21:00:45,pop-os,32773
171,Counter,15960,,,agent.ping.count,2022-01-23T21:00:45,pop-os,32768
172,Measurement,18,,,agent.ping.roundtriptime,2022-01-23T21:00:43,pop-os,32772
173,Measurement,0,2022-01-23T20:43:39,2022-01-23T21:00:43,agent.ping.average.failure,2022-01-23T21:00:43,pop-os,32771
174,Counter,15959,,,agent.ping.count,2022-01-23T21:00:43,pop-os,32767
175,Counter,15958,,,agent.ping.count,2022-01-23T21:00:41,pop-os,32766
176,Measurement,14,,,agent.ping.roundtriptime,2022-01-23T21:00:41,pop-os,32765
177,Measurement,14,,,agent.ping.roundtriptime,2022-01-23T21:00:39,pop-os,32764
178,Counter,15957,,,agent.ping.count,2022-01-23T21:00:39,pop-os,32760
179,Measurement,14,,,agent.ping.roundtriptime,2022-01-23T21:00:37,pop-os,32763
180,Counter,15956,,,agent.ping.count,2022-01-23T21:00:37,pop-os,32759
181,Measurement,17,,,agent.ping.roundtriptime,2022-01-23T21:00:35,pop-os,32762
182,Counter,15955,,,agent.ping.count,2022-01-23T21:00:35,pop-os,32758
183,Measurement,12,,,agent.ping.roundtriptime,2022-01-23T21:00:33,pop-os,32761
184,Counter,15954,,,agent.ping.count,2022-01-23T21:00:33,pop-os,32757
185,Counter,15953,,,agent.ping.count,2022-01-23T21:00:31,pop-os,32756
186,Measurement,22,,,agent.ping.roundtriptime,2022-01-23T21:00:31,pop-os,32755
187,Measurement,16,,,agent.ping.roundtriptime,2022-01-23T21:00:29,pop-os,32754
188,Counter,15952,,,agent.ping.count,2022-01-23T21:00:29,pop-os,32749
189,Measurement,49,,,agent.ping.roundtriptime,2022-01-23T21:00:27,pop-os,32753
190,Counter,15951,,,agent.ping.count,2022-01-23T21:00:27,pop-os,32748
191,Measurement,24,,,agent.ping.roundtriptime,2022-01-23T21:00:25,pop-os,32752
192,Counter,15950,,,agent.ping.count,2022-01-23T21:00:25,pop-os,32747
193,Measurement,17,,,agent.ping.roundtriptime,2022-01-23T21:00:23,pop-os,32751
194,Measurement,0,2022-01-23T20:43:39,2022-01-23T21:00:23,agent.ping.average.failure,2022-01-23T21:00:23,pop-os,32750
195,Counter,15949,,,agent.ping.count,2022-01-23T21:00:23,pop-os,32746
196,Measurement,20,,,agent.ping.roundtriptime,2022-01-23T21:00:21,pop-os,32745
197,Counter,15948,,,agent.ping.count,2022-01-23T21:00:21,pop-os,32740
198,Measurement,12,,,agent.ping.roundtriptime,2022-01-23T21:00:19,pop-os,32744
199,Counter,15947,,,agent.ping.count,2022-01-23T21:00:19,pop-os,32739
200,Measurement,19,,,agent.ping.roundtriptime,2022-01-23T21:00:17,pop-os,32743
201,Counter,15946,,,agent.ping.count,2022-01-23T21:00:17,pop-os,32738
202,Measurement,54,,,agent.ping.roundtriptime,2022-01-23T21:00:15,pop-os,32742
203,Counter,15945,,,agent.ping.count,2022-01-23T21:00:15,pop-os,32737
204,Measurement,13,,,agent.ping.roundtriptime,2022-01-23T21:00:13,pop-os,32741
205,Counter,15944,,,agent.ping.count,2022-01-23T21:00:13,pop-os,32736
206,Measurement,81,,,agent.ping.roundtriptime,2022-01-23T21:00:11,pop-os,32735
207,Counter,15943,,,agent.ping.count,2022-01-23T21:00:11,pop-os,32730
208,Measurement,14,,,agent.ping.roundtriptime,2022-01-23T21:00:08,pop-os,32734
209,Counter,15942,,,agent.ping.count,2022-01-23T21:00:08,pop-os,32729
210,Measurement,30,,,agent.ping.roundtriptime,2022-01-23T21:00:06,pop-os,32733
211,Counter,15941,,,agent.ping.count,2022-01-23T21:00:06,pop-os,32728
212,Measurement,16,,,agent.ping.roundtriptime,2022-01-23T21:00:04,pop-os,32732
213,Counter,15940,,,agent.ping.count,2022-01-23T21:00:04,pop-os,32727
214,Measurement,13,,,agent.ping.roundtriptime,2022-01-23T21:00:02,pop-os,32731
215,Counter,15939,,,agent.ping.count,2022-01-23T21:00:02,pop-os,32726
216,Measurement,0,2022-01-23T20:43:39,2022-01-23T21:00:02,agent.ping.average.failure,2022-01-23T21:00:02,pop-os,32725
217,Measurement,11,,,agent.ping.roundtriptime,2022-01-23T21:00:00,pop-os,32724
218,Counter,15938,,,agent.ping.count,2022-01-23T21:00:00,pop-os,32720
219,Measurement,14,,,agent.ping.roundtriptime,2022-01-23T20:59:58,pop-os,32723
220,Counter,15937,,,agent.ping.count,2022-01-23T20:59:58,pop-os,32719
221,Measurement,21,,,agent.ping.roundtriptime,2022-01-23T20:59:56,pop-os,32722
222,Counter,15936,,,agent.ping.count,2022-01-23T20:59:56,pop-os,32718
223,Measurement,14,,,agent.ping.roundtriptime,2022-01-23T20:59:54,pop-os,32721
224,Counter,15935,,,agent.ping.count,2022-01-23T20:59:54,pop-os,32717
225,Counter,15934,,,agent.ping.count,2022-01-23T20:59:52,pop-os,32716
226,Measurement,13,,,agent.ping.roundtriptime,2022-01-23T20:59:52,pop-os,32715
227,Measurement,21,,,agent.ping.roundtriptime,2022-01-23T20:59:50,pop-os,32714
228,Counter,15933,,,agent.ping.count,2022-01-23T20:59:50,pop-os,32710
229,Measurement,59,,,agent.ping.roundtriptime,2022-01-23T20:59:48,pop-os,32713
230,Counter,15932,,,agent.ping.count,2022-01-23T20:59:48,pop-os,32709
231,Measurement,14,,,agent.ping.roundtriptime,2022-01-23T20:59:46,pop-os,32712
232,Counter,15931,,,agent.ping.count,2022-01-23T20:59:46,pop-os,32708
233,Measurement,20,,,agent.ping.roundtriptime,2022-01-23T20:59:44,pop-os,32711
234,Counter,15930,,,agent.ping.count,2022-01-23T20:59:44,pop-os,32707
235,Counter,15929,,,agent.ping.count,2022-01-23T20:59:42,pop-os,32706
236,Measurement,14,,,agent.ping.roundtriptime,2022-01-23T20:59:42,pop-os,32705
237,Measurement,0,2022-01-23T20:43:39,2022-01-23T20:59:42,agent.ping.average.failure,2022-01-23T20:59:42,pop-os,32704
238,Measurement,28,,,agent.ping.roundtriptime,2022-01-23T20:59:40,pop-os,32703
239,Counter,15928,,,agent.ping.count,2022-01-23T20:59:40,pop-os,32699
240,Measurement,13,,,agent.ping.roundtriptime,2022-01-23T20:59:38,pop-os,32702
241,Counter,15927,,,agent.ping.count,2022-01-23T20:59:38,pop-os,32698
242,Measurement,13,,,agent.ping.roundtriptime,2022-01-23T20:59:36,pop-os,32701
243,Counter,15926,,,agent.ping.count,2022-01-23T20:59:36,pop-os,32697
244,Measurement,16,,,agent.ping.roundtriptime,2022-01-23T20:59:34,pop-os,32700
245,Counter,15925,,,agent.ping.count,2022-01-23T20:59:34,pop-os,32696
246,Measurement,24,,,agent.ping.roundtriptime,2022-01-23T20:59:31,pop-os,32695
247,Counter,15924,,,agent.ping.count,2022-01-23T20:59:31,pop-os,32690
248,Measurement,13,,,agent.ping.roundtriptime,2022-01-23T20:59:29,pop-os,32694
249,Counter,15923,,,agent.ping.count,2022-01-23T20:59:29,pop-os,32689
250,Measurement,17,,,agent.ping.roundtriptime,2022-01-23T20:59:27,pop-os,32693
251,Counter,15922,,,agent.ping.count,2022-01-23T20:59:27,pop-os,32688
252,Measurement,13,,,agent.ping.roundtriptime,2022-01-23T20:59:25,pop-os,32692
253,Counter,15921,,,agent.ping.count,2022-01-23T20:59:25,pop-os,32687
254,Measurement,19,,,agent.ping.roundtriptime,2022-01-23T20:59:23,pop-os,32691
255,Counter,15920,,,agent.ping.count,2022-01-23T20:59:23,pop-os,32686
256,Measurement,16,,,agent.ping.roundtriptime,2022-01-23T20:59:21,pop-os,32685
257,Measurement,0,2022-01-23T20:43:39,2022-01-23T20:59:21,agent.ping.average.failure,2022-01-23T20:59:21,pop-os,32684
258,Counter,15919,,,agent.ping.count,2022-01-23T20:59:21,pop-os,32680
259,Measurement,25,,,agent.ping.roundtriptime,2022-01-23T20:59:19,pop-os,32683
260,Counter,15918,,,agent.ping.count,2022-01-23T20:59:19,pop-os,32679
261,Measurement,14,,,agent.ping.roundtriptime,2022-01-23T20:59:17,pop-os,32682
262,Counter,15917,,,agent.ping.count,2022-01-23T20:59:17,pop-os,32678
263,Measurement,14,,,agent.ping.roundtriptime,2022-01-23T20:59:15,pop-os,32681
264,Counter,15916,,,agent.ping.count,2022-01-23T20:59:15,pop-os,32677
265,Counter,15915,,,agent.ping.count,2022-01-23T20:59:13,pop-os,32676
266,Measurement,12,,,agent.ping.roundtriptime,2022-01-23T20:59:13,pop-os,32675
267,Measurement,27,,,agent.ping.roundtriptime,2022-01-23T20:59:11,pop-os,32674
268,Counter,15914,,,agent.ping.count,2022-01-23T20:59:11,pop-os,32670
269,Measurement,13,,,agent.ping.roundtriptime,2022-01-23T20:59:09,pop-os,32673
270,Counter,15913,,,agent.ping.count,2022-01-23T20:59:09,pop-os,32669
271,Measurement,12,,,agent.ping.roundtriptime,2022-01-23T20:59:07,pop-os,32672
272,Counter,15912,,,agent.ping.count,2022-01-23T20:59:07,pop-os,32668
273,Measurement,15,,,agent.ping.roundtriptime,2022-01-23T20:59:05,pop-os,32671
274,Counter,15911,,,agent.ping.count,2022-01-23T20:59:05,pop-os,32667
275,Counter,15910,,,agent.ping.count,2022-01-23T20:59:03,pop-os,32666
276,Measurement,21,,,agent.ping.roundtriptime,2022-01-23T20:59:03,pop-os,32665
277,Measurement,18,,,agent.ping.roundtriptime,2022-01-23T20:59:01,pop-os,32664
278,Measurement,0,2022-01-23T20:43:39,2022-01-23T20:59:01,agent.ping.average.failure,2022-01-23T20:59:01,pop-os,32663
279,Counter,15909,,,agent.ping.count,2022-01-23T20:59:01,pop-os,32659
280,Measurement,14,,,agent.ping.roundtriptime,2022-01-23T20:58:59,pop-os,32662
281,Counter,15908,,,agent.ping.count,2022-01-23T20:58:59,pop-os,32658
282,Measurement,28,,,agent.ping.roundtriptime,2022-01-23T20:58:57,pop-os,32661
283,Counter,15907,,,agent.ping.count,2022-01-23T20:58:57,pop-os,32657
284,Measurement,28,,,agent.ping.roundtriptime,2022-01-23T20:58:55,pop-os,32660
285,Counter,15906,,,agent.ping.count,2022-01-23T20:58:55,pop-os,32656
286,Measurement,18,,,agent.ping.roundtriptime,2022-01-23T20:58:53,pop-os,32655
287,Counter,15905,,,agent.ping.count,2022-01-23T20:58:53,pop-os,32650
288,Measurement,12,,,agent.ping.roundtriptime,2022-01-23T20:58:50,pop-os,32654
289,Counter,15904,,,agent.ping.count,2022-01-23T20:58:50,pop-os,32649
290,Measurement,16,,,agent.ping.roundtriptime,2022-01-23T20:58:48,pop-os,32653
291,Counter,15903,,,agent.ping.count,2022-01-23T20:58:48,pop-os,32648
292,Measurement,22,,,agent.ping.roundtriptime,2022-01-23T20:58:46,pop-os,32652
293,Counter,15902,,,agent.ping.count,2022-01-23T20:58:46,pop-os,32647
294,Measurement,15,,,agent.ping.roundtriptime,2022-01-23T20:58:44,pop-os,32651
295,Counter,15901,,,agent.ping.count,2022-01-23T20:58:44,pop-os,32646
296,Measurement,14,,,agent.ping.roundtriptime,2022-01-23T20:58:42,pop-os,32645
297,Counter,15900,,,agent.ping.count,2022-01-23T20:58:42,pop-os,32640
298,Measurement,12,,,agent.ping.roundtriptime,2022-01-23T20:58:40,pop-os,32644
299,Measurement,0,2022-01-23T20:43:39,2022-01-23T20:58:40,agent.ping.average.failure,2022-01-23T20:58:40,pop-os,32643
300,Counter,15899,,,agent.ping.count,2022-01-23T20:58:40,pop-os,32639
301,Measurement,1,,,pop-os.heartbeat,2022-01-23T20:58:39,pop-os,32635
302,Measurement,16,,,agent.ping.roundtriptime,2022-01-23T20:58:38,pop-os,32642
303,Counter,15898,,,agent.ping.count,2022-01-23T20:58:38,pop-os,32638
304,Measurement,12,,,agent.ping.roundtriptime,2022-01-23T20:58:36,pop-os,32641
305,Counter,15897,,,agent.ping.count,2022-01-23T20:58:36,pop-os,32637
306,Counter,15896,,,agent.ping.count,2022-01-23T20:58:34,pop-os,32636
307,Measurement,46,,,agent.ping.roundtriptime,2022-01-23T20:58:34,pop-os,32634
308,Measurement,11,,,agent.ping.roundtriptime,2022-01-23T20:58:32,pop-os,32633
309,Counter,15895,,,agent.ping.count,2022-01-23T20:58:32,pop-os,32629
310,Measurement,18,,,agent.ping.roundtriptime,2022-01-23T20:58:30,pop-os,32632
311,Counter,15894,,,agent.ping.count,2022-01-23T20:58:30,pop-os,32628
312,Measurement,13,,,agent.ping.roundtriptime,2022-01-23T20:58:28,pop-os,32631
313,Counter,15893,,,agent.ping.count,2022-01-23T20:58:28,pop-os,32627
314,Measurement,16,,,agent.ping.roundtriptime,2022-01-23T20:58:26,pop-os,32630
315,Counter,15892,,,agent.ping.count,2022-01-23T20:58:26,pop-os,32626
316,Counter,15891,,,agent.ping.count,2022-01-23T20:58:24,pop-os,32625
317,Measurement,13,,,agent.ping.roundtriptime,2022-01-23T20:58:24,pop-os,32624
318,Measurement,14,,,agent.ping.roundtriptime,2022-01-23T20:58:22,pop-os,32623
319,Counter,15890,,,agent.ping.count,2022-01-23T20:58:22,pop-os,32618
320,Measurement,17,,,agent.ping.roundtriptime,2022-01-23T20:58:20,pop-os,32622
321,Measurement,0,2022-01-23T20:43:39,2022-01-23T20:58:20,agent.ping.average.failure,2022-01-23T20:58:20,pop-os,32621
322,Counter,15889,,,agent.ping.count,2022-01-23T20:58:20,pop-os,32617
323,Measurement,33,,,agent.ping.roundtriptime,2022-01-23T20:58:18,pop-os,32620
324,Counter,15888,,,agent.ping.count,2022-01-23T20:58:18,pop-os,32616
325,Measurement,13,,,agent.ping.roundtriptime,2022-01-23T20:58:16,pop-os,32619
326,Counter,15887,,,agent.ping.count,2022-01-23T20:58:16,pop-os,32615
327,Measurement,18,,,agent.ping.roundtriptime,2022-01-23T20:58:14,pop-os,32614
328,Counter,15886,,,agent.ping.count,2022-01-23T20:58:14,pop-os,32609
329,Measurement,14,,,agent.ping.roundtriptime,2022-01-23T20:58:12,pop-os,32613
330,Counter,15885,,,agent.ping.count,2022-01-23T20:58:12,pop-os,32608
331,Measurement,16,,,agent.ping.roundtriptime,2022-01-23T20:58:10,pop-os,32612
332,Counter,15884,,,agent.ping.count,2022-01-23T20:58:10,pop-os,32607
333,Measurement,20,,,agent.ping.roundtriptime,2022-01-23T20:58:08,pop-os,32611
334,Counter,15883,,,agent.ping.count,2022-01-23T20:58:08,pop-os,32606
335,Measurement,17,,,agent.ping.roundtriptime,2022-01-23T20:58:06,pop-os,32610
336,Counter,15882,,,agent.ping.count,2022-01-23T20:58:06,pop-os,32605
337,Measurement,12,,,agent.ping.roundtriptime,2022-01-23T20:58:03,pop-os,32604
338,Counter,15881,,,agent.ping.count,2022-01-23T20:58:03,pop-os,32599
339,Measurement,18,,,agent.ping.roundtriptime,2022-01-23T20:58:01,pop-os,32603
340,Counter,15880,,,agent.ping.count,2022-01-23T20:58:01,pop-os,32598
341,Measurement,13,,,agent.ping.roundtriptime,2022-01-23T20:57:59,pop-os,32602
342,Measurement,0,2022-01-23T20:43:39,2022-01-23T20:57:59,agent.ping.average.failure,2022-01-23T20:57:59,pop-os,32601
343,Counter,15879,,,agent.ping.count,2022-01-23T20:57:59,pop-os,32597
344,Measurement,18,,,agent.ping.roundtriptime,2022-01-23T20:57:57,pop-os,32600
345,Counter,15878,,,agent.ping.count,2022-01-23T20:57:57,pop-os,32596
346,Counter,15877,,,agent.ping.count,2022-01-23T20:57:55,pop-os,32595
347,Measurement,27,,,agent.ping.roundtriptime,2022-01-23T20:57:55,pop-os,32594
348,Measurement,13,,,agent.ping.roundtriptime,2022-01-23T20:57:53,pop-os,32593
349,Counter,15876,,,agent.ping.count,2022-01-23T20:57:53,pop-os,32589
350,Measurement,24,,,agent.ping.roundtriptime,2022-01-23T20:57:51,pop-os,32592
351,Counter,15875,,,agent.ping.count,2022-01-23T20:57:51,pop-os,32588
352,Measurement,68,,,agent.ping.roundtriptime,2022-01-23T20:57:49,pop-os,32591
353,Counter,15874,,,agent.ping.count,2022-01-23T20:57:49,pop-os,32587
354,Measurement,42,,,agent.ping.roundtriptime,2022-01-23T20:57:47,pop-os,32590
355,Counter,15873,,,agent.ping.count,2022-01-23T20:57:47,pop-os,32586
356,Counter,15872,,,agent.ping.count,2022-01-23T20:57:45,pop-os,32585
357,Measurement,14,,,agent.ping.roundtriptime,2022-01-23T20:57:45,pop-os,32584
358,Measurement,66,,,agent.ping.roundtriptime,2022-01-23T20:57:43,pop-os,32583
359,Counter,15871,,,agent.ping.count,2022-01-23T20:57:43,pop-os,32578
360,Measurement,11,,,agent.ping.roundtriptime,2022-01-23T20:57:41,pop-os,32582
361,Counter,15870,,,agent.ping.count,2022-01-23T20:57:41,pop-os,32577
362,Measurement,20,,,agent.ping.roundtriptime,2022-01-23T20:57:39,pop-os,32581
363,Measurement,0,2022-01-23T20:43:39,2022-01-23T20:57:39,agent.ping.average.failure,2022-01-23T20:57:39,pop-os,32580
364,Counter,15869,,,agent.ping.count,2022-01-23T20:57:39,pop-os,32576
365,Measurement,34,,,agent.ping.roundtriptime,2022-01-23T20:57:37,pop-os,32579
366,Counter,15868,,,agent.ping.count,2022-01-23T20:57:37,pop-os,32575
367,Measurement,12,,,agent.ping.roundtriptime,2022-01-23T20:57:35,pop-os,32574
368,Counter,15867,,,agent.ping.count,2022-01-23T20:57:35,pop-os,32569
369,Measurement,17,,,agent.ping.roundtriptime,2022-01-23T20:57:33,pop-os,32573
370,Counter,15866,,,agent.ping.count,2022-01-23T20:57:33,pop-os,32568
371,Measurement,13,,,agent.ping.roundtriptime,2022-01-23T20:57:31,pop-os,32572
372,Counter,15865,,,agent.ping.count,2022-01-23T20:57:31,pop-os,32567
373,Measurement,13,,,agent.ping.roundtriptime,2022-01-23T20:57:29,pop-os,32571
374,Counter,15864,,,agent.ping.count,2022-01-23T20:57:29,pop-os,32566
375,Measurement,27,,,agent.ping.roundtriptime,2022-01-23T20:57:27,pop-os,32570
376,Counter,15863,,,agent.ping.count,2022-01-23T20:57:27,pop-os,32565
377,Measurement,48,,,agent.ping.roundtriptime,2022-01-23T20:57:24,pop-os,32564
378,Counter,15862,,,agent.ping.count,2022-01-23T20:57:24,pop-os,32559
379,Measurement,14,,,agent.ping.roundtriptime,2022-01-23T20:57:22,pop-os,32563
380,Counter,15861,,,agent.ping.count,2022-01-23T20:57:22,pop-os,32558
381,Measurement,14,,,agent.ping.roundtriptime,2022-01-23T20:57:20,pop-os,32562
382,Counter,15860,,,agent.ping.count,2022-01-23T20:57:20,pop-os,32557
383,Measurement,15,,,agent.ping.roundtriptime,2022-01-23T20:57:18,pop-os,32561
384,Measurement,0,2022-01-23T20:43:39,2022-01-23T20:57:18,agent.ping.average.failure,2022-01-23T20:57:18,pop-os,32560
385,Counter,15859,,,agent.ping.count,2022-01-23T20:57:18,pop-os,32556
386,Counter,15858,,,agent.ping.count,2022-01-23T20:57:16,pop-os,32555
387,Measurement,18,,,agent.ping.roundtriptime,2022-01-23T20:57:16,pop-os,32554
388,Measurement,20,,,agent.ping.roundtriptime,2022-01-23T20:57:14,pop-os,32553
389,Counter,15857,,,agent.ping.count,2022-01-23T20:57:14,pop-os,32549
390,Measurement,15,,,agent.ping.roundtriptime,2022-01-23T20:57:12,pop-os,32552
391,Counter,15856,,,agent.ping.count,2022-01-23T20:57:12,pop-os,32548
392,Measurement,15,,,agent.ping.roundtriptime,2022-01-23T20:57:10,pop-os,32551
393,Counter,15855,,,agent.ping.count,2022-01-23T20:57:10,pop-os,32547
394,Measurement,54,,,agent.ping.roundtriptime,2022-01-23T20:57:08,pop-os,32550
395,Counter,15854,,,agent.ping.count,2022-01-23T20:57:08,pop-os,32546
396,Counter,15853,,,agent.ping.count,2022-01-23T20:57:06,pop-os,32545
397,Measurement,12,,,agent.ping.roundtriptime,2022-01-23T20:57:06,pop-os,32544
398,Measurement,13,,,agent.ping.roundtriptime,2022-01-23T20:57:04,pop-os,32543
399,Counter,15852,,,agent.ping.count,2022-01-23T20:57:04,pop-os,32538
400,Measurement,18,,,agent.ping.roundtriptime,2022-01-23T20:57:02,pop-os,32542
401,Counter,15851,,,agent.ping.count,2022-01-23T20:57:02,pop-os,32537
402,Measurement,12,,,agent.ping.roundtriptime,2022-01-23T20:57:00,pop-os,32541
403,Counter,15850,,,agent.ping.count,2022-01-23T20:57:00,pop-os,32536
404,Measurement,16,,,agent.ping.roundtriptime,2022-01-23T20:56:58,pop-os,32540
405,Measurement,1,2022-01-23T20:43:39,2022-01-23T20:56:58,agent.ping.average.failure,2022-01-23T20:56:58,pop-os,32539
406,Counter,15849,,,agent.ping.count,2022-01-23T20:56:58,pop-os,32535
407,Measurement,19,,,agent.ping.roundtriptime,2022-01-23T20:56:56,pop-os,32534
408,Counter,15848,,,agent.ping.count,2022-01-23T20:56:56,pop-os,32529
409,Measurement,13,,,agent.ping.roundtriptime,2022-01-23T20:56:54,pop-os,32533
410,Counter,15847,,,agent.ping.count,2022-01-23T20:56:54,pop-os,32528
411,Measurement,11,,,agent.ping.roundtriptime,2022-01-23T20:56:52,pop-os,32532
412,Counter,15846,,,agent.ping.count,2022-01-23T20:56:52,pop-os,32527
413,Measurement,15,,,agent.ping.roundtriptime,2022-01-23T20:56:50,pop-os,32531
414,Counter,15845,,,agent.ping.count,2022-01-23T20:56:50,pop-os,32526
415,Measurement,18,,,agent.ping.roundtriptime,2022-01-23T20:56:48,pop-os,32530
416,Counter,15844,,,agent.ping.count,2022-01-23T20:56:48,pop-os,32525
417,Measurement,14,,,agent.ping.roundtriptime,2022-01-23T20:56:45,pop-os,32524
418,Counter,15843,,,agent.ping.count,2022-01-23T20:56:45,pop-os,32520
419,Measurement,16,,,agent.ping.roundtriptime,2022-01-23T20:56:43,pop-os,32523
420,Counter,15842,,,agent.ping.count,2022-01-23T20:56:43,pop-os,32519
421,Measurement,12,,,agent.ping.roundtriptime,2022-01-23T20:56:41,pop-os,32522
422,Counter,15841,,,agent.ping.count,2022-01-23T20:56:41,pop-os,32518
423,Counter,15840,,,agent.ping.count,2022-01-23T20:56:39,pop-os,32517
424,Measurement,1,2022-01-23T20:43:39,2022-01-23T20:56:37,agent.ping.average.failure,2022-01-23T20:56:37,pop-os,32521
425,Counter,15839,,,agent.ping.count,2022-01-23T20:56:37,pop-os,32516
426,Counter,15838,,,agent.ping.count,2022-01-23T20:56:35,pop-os,32515
427,Counter,15837,,,agent.ping.count,2022-01-23T20:56:33,pop-os,32510
428,Measurement,26,,,agent.ping.roundtriptime,2022-01-23T20:56:31,pop-os,32514
429,Counter,15836,,,agent.ping.count,2022-01-23T20:56:31,pop-os,32509
430,Measurement,13,,,agent.ping.roundtriptime,2022-01-23T20:56:29,pop-os,32513
431,Counter,15835,,,agent.ping.count,2022-01-23T20:56:29,pop-os,32508
432,Measurement,18,,,agent.ping.roundtriptime,2022-01-23T20:56:27,pop-os,32512
433,Counter,15834,,,agent.ping.count,2022-01-23T20:56:27,pop-os,32507
434,Measurement,14,,,agent.ping.roundtriptime,2022-01-23T20:56:25,pop-os,32511
435,Counter,15833,,,agent.ping.count,2022-01-23T20:56:25,pop-os,32506
436,Counter,15832,,,agent.ping.count,2022-01-23T20:56:23,pop-os,32505
437,Measurement,13,,,agent.ping.roundtriptime,2022-01-23T20:56:22,pop-os,32504
438,Measurement,14,,,agent.ping.roundtriptime,2022-01-23T20:56:20,pop-os,32503
439,Counter,15831,,,agent.ping.count,2022-01-23T20:56:20,pop-os,32498
440,Measurement,78,,,agent.ping.roundtriptime,2022-01-23T20:56:18,pop-os,32502
441,Counter,15830,,,agent.ping.count,2022-01-23T20:56:18,pop-os,32497
442,Measurement,22,,,agent.ping.roundtriptime,2022-01-23T20:56:16,pop-os,32501
443,Measurement,0,2022-01-23T20:43:39,2022-01-23T20:56:16,agent.ping.average.failure,2022-01-23T20:56:16,pop-os,32500
444,Counter,15829,,,agent.ping.count,2022-01-23T20:56:16,pop-os,32496
445,Measurement,16,,,agent.ping.roundtriptime,2022-01-23T20:56:14,pop-os,32499
446,Counter,15828,,,agent.ping.count,2022-01-23T20:56:14,pop-os,32495
447,Measurement,50,,,agent.ping.roundtriptime,2022-01-23T20:56:12,pop-os,32494
448,Counter,15827,,,agent.ping.count,2022-01-23T20:56:12,pop-os,32489
449,Measurement,12,,,agent.ping.roundtriptime,2022-01-23T20:56:10,pop-os,32493
450,Counter,15826,,,agent.ping.count,2022-01-23T20:56:10,pop-os,32488
451,Measurement,16,,,agent.ping.roundtriptime,2022-01-23T20:56:08,pop-os,32492
452,Counter,15825,,,agent.ping.count,2022-01-23T20:56:08,pop-os,32487
453,Measurement,17,,,agent.ping.roundtriptime,2022-01-23T20:56:06,pop-os,32491
454,Counter,15824,,,agent.ping.count,2022-01-23T20:56:06,pop-os,32486
455,Measurement,13,,,agent.ping.roundtriptime,2022-01-23T20:56:04,pop-os,32490
456,Counter,15823,,,agent.ping.count,2022-01-23T20:56:04,pop-os,32485
457,Measurement,14,,,agent.ping.roundtriptime,2022-01-23T20:56:02,pop-os,32484
458,Counter,15822,,,agent.ping.count,2022-01-23T20:56:02,pop-os,32479
459,Measurement,14,,,agent.ping.roundtriptime,2022-01-23T20:56:00,pop-os,32483
460,Counter,15821,,,agent.ping.count,2022-01-23T20:56:00,pop-os,32478
461,Measurement,14,,,agent.ping.roundtriptime,2022-01-23T20:55:58,pop-os,32482
462,Counter,15820,,,agent.ping.count,2022-01-23T20:55:58,pop-os,32477
463,Measurement,14,,,agent.ping.roundtriptime,2022-01-23T20:55:56,pop-os,32481
464,Measurement,0,2022-01-23T20:43:39,2022-01-23T20:55:56,agent.ping.average.failure,2022-01-23T20:55:56,pop-os,32480
465,Counter,15819,,,agent.ping.count,2022-01-23T20:55:56,pop-os,32476
466,Counter,15818,,,agent.ping.count,2022-01-23T20:55:54,pop-os,32475
467,Measurement,16,,,agent.ping.roundtriptime,2022-01-23T20:55:54,pop-os,32474
468,Measurement,11,,,agent.ping.roundtriptime,2022-01-23T20:55:52,pop-os,32473
469,Counter,15817,,,agent.ping.count,2022-01-23T20:55:52,pop-os,32469
470,Measurement,18,,,agent.ping.roundtriptime,2022-01-23T20:55:50,pop-os,32472
471,Counter,15816,,,agent.ping.count,2022-01-23T20:55:50,pop-os,32468
472,Measurement,13,,,agent.ping.roundtriptime,2022-01-23T20:55:48,pop-os,32471
473,Counter,15815,,,agent.ping.count,2022-01-23T20:55:48,pop-os,32467
474,Measurement,14,,,agent.ping.roundtriptime,2022-01-23T20:55:46,pop-os,32470
475,Counter,15814,,,agent.ping.count,2022-01-23T20:55:46,pop-os,32466
476,Counter,15813,,,agent.ping.count,2022-01-23T20:55:44,pop-os,32465
477,Measurement,15,,,agent.ping.roundtriptime,2022-01-23T20:55:43,pop-os,32464
478,Measurement,12,,,agent.ping.roundtriptime,2022-01-23T20:55:41,pop-os,32463
479,Counter,15812,,,agent.ping.count,2022-01-23T20:55:41,pop-os,32458
480,Measurement,16,,,agent.ping.roundtriptime,2022-01-23T20:55:39,pop-os,32462
481,Counter,15811,,,agent.ping.count,2022-01-23T20:55:39,pop-os,32457
482,Measurement,19,,,agent.ping.roundtriptime,2022-01-23T20:55:37,pop-os,32461
483,Counter,15810,,,agent.ping.count,2022-01-23T20:55:37,pop-os,32456
484,Measurement,13,,,agent.ping.roundtriptime,2022-01-23T20:55:35,pop-os,32460
485,Measurement,0,2022-01-23T20:43:39,2022-01-23T20:55:35,agent.ping.average.failure,2022-01-23T20:55:35,pop-os,32459
486,Counter,15809,,,agent.ping.count,2022-01-23T20:55:35,pop-os,32455
487,Measurement,16,,,agent.ping.roundtriptime,2022-01-23T20:55:33,pop-os,32454
488,Counter,15808,,,agent.ping.count,2022-01-23T20:55:33,pop-os,32449
489,Measurement,14,,,agent.ping.roundtriptime,2022-01-23T20:55:31,pop-os,32453
490,Counter,15807,,,agent.ping.count,2022-01-23T20:55:31,pop-os,32448
491,Measurement,23,,,agent.ping.roundtriptime,2022-01-23T20:55:29,pop-os,32452
492,Counter,15806,,,agent.ping.count,2022-01-23T20:55:29,pop-os,32447
493,Measurement,18,,,agent.ping.roundtriptime,2022-01-23T20:55:27,pop-os,32451
494,Counter,15805,,,agent.ping.count,2022-01-23T20:55:27,pop-os,32446
495,Measurement,19,,,agent.ping.roundtriptime,2022-01-23T20:55:25,pop-os,32450
496,Counter,15804,,,agent.ping.count,2022-01-23T20:55:25,pop-os,32445
497,Measurement,58,,,agent.ping.roundtriptime,2022-01-23T20:55:23,pop-os,32444
498,Counter,15803,,,agent.ping.count,2022-01-23T20:55:23,pop-os,32439
499,Measurement,20,,,agent.ping.roundtriptime,2022-01-23T20:55:21,pop-os,32443
500,Counter,15802,,,agent.ping.count,2022-01-23T20:55:21,pop-os,32438
501,Measurement,25,,,agent.ping.roundtriptime,2022-01-23T20:55:19,pop-os,32442
502,Counter,15801,,,agent.ping.count,2022-01-23T20:55:19,pop-os,32437
503,Measurement,21,,,agent.ping.roundtriptime,2022-01-23T20:55:17,pop-os,32441
504,Counter,15800,,,agent.ping.count,2022-01-23T20:55:17,pop-os,32436
505,Measurement,99,,,agent.ping.roundtriptime,2022-01-23T20:55:15,pop-os,32440
506,Counter,15799,,,agent.ping.count,2022-01-23T20:55:15,pop-os,32435
507,Measurement,0,2022-01-23T20:43:39,2022-01-23T20:55:15,agent.ping.average.failure,2022-01-23T20:55:15,pop-os,32434
508,Measurement,13,,,agent.ping.roundtriptime,2022-01-23T20:55:13,pop-os,32433
509,Counter,15798,,,agent.ping.count,2022-01-23T20:55:13,pop-os,32429
510,Measurement,11,,,agent.ping.roundtriptime,2022-01-23T20:55:11,pop-os,32432
511,Counter,15797,,,agent.ping.count,2022-01-23T20:55:11,pop-os,32428
512,Measurement,12,,,agent.ping.roundtriptime,2022-01-23T20:55:08,pop-os,32431
513,Counter,15796,,,agent.ping.count,2022-01-23T20:55:08,pop-os,32427
514,Measurement,25,,,agent.ping.roundtriptime,2022-01-23T20:55:06,pop-os,32430
515,Counter,15795,,,agent.ping.count,2022-01-23T20:55:06,pop-os,32426
516,Counter,15794,,,agent.ping.count,2022-01-23T20:55:04,pop-os,32425
517,Measurement,24,,,agent.ping.roundtriptime,2022-01-23T20:55:04,pop-os,32424
518,Measurement,31,,,agent.ping.roundtriptime,2022-01-23T20:55:02,pop-os,32423
519,Counter,15793,,,agent.ping.count,2022-01-23T20:55:02,pop-os,32419
520,Measurement,17,,,agent.ping.roundtriptime,2022-01-23T20:55:00,pop-os,32422
521,Counter,15792,,,agent.ping.count,2022-01-23T20:55:00,pop-os,32418
522,Measurement,12,,,agent.ping.roundtriptime,2022-01-23T20:54:58,pop-os,32421
523,Counter,15791,,,agent.ping.count,2022-01-23T20:54:58,pop-os,32417
524,Measurement,22,,,agent.ping.roundtriptime,2022-01-23T20:54:56,pop-os,32420
525,Counter,15790,,,agent.ping.count,2022-01-23T20:54:56,pop-os,32416
526,Counter,15789,,,agent.ping.count,2022-01-23T20:54:54,pop-os,32415
527,Measurement,22,,,agent.ping.roundtriptime,2022-01-23T20:54:54,pop-os,32414
528,Measurement,0,2022-01-23T20:43:39,2022-01-23T20:54:54,agent.ping.average.failure,2022-01-23T20:54:54,pop-os,32413
529,Measurement,15,,,agent.ping.roundtriptime,2022-01-23T20:54:52,pop-os,32412
530,Counter,15788,,,agent.ping.count,2022-01-23T20:54:52,pop-os,32408
531,Measurement,15,,,agent.ping.roundtriptime,2022-01-23T20:54:50,pop-os,32411
532,Counter,15787,,,agent.ping.count,2022-01-23T20:54:50,pop-os,32407
533,Measurement,13,,,agent.ping.roundtriptime,2022-01-23T20:54:48,pop-os,32410
534,Counter,15786,,,agent.ping.count,2022-01-23T20:54:48,pop-os,32406
535,Measurement,12,,,agent.ping.roundtriptime,2022-01-23T20:54:46,pop-os,32409
536,Counter,15785,,,agent.ping.count,2022-01-23T20:54:46,pop-os,32405
537,Measurement,12,,,agent.ping.roundtriptime,2022-01-23T20:54:44,pop-os,32404
538,Counter,15784,,,agent.ping.count,2022-01-23T20:54:44,pop-os,32399
539,Measurement,17,,,agent.ping.roundtriptime,2022-01-23T20:54:42,pop-os,32403
540,Counter,15783,,,agent.ping.count,2022-01-23T20:54:42,pop-os,32398
541,Measurement,16,,,agent.ping.roundtriptime,2022-01-23T20:54:40,pop-os,32402
542,Counter,15782,,,agent.ping.count,2022-01-23T20:54:40,pop-os,32397
543,Measurement,15,,,agent.ping.roundtriptime,2022-01-23T20:54:38,pop-os,32401
544,Counter,15781,,,agent.ping.count,2022-01-23T20:54:38,pop-os,32396
545,Measurement,12,,,agent.ping.roundtriptime,2022-01-23T20:54:36,pop-os,32400
546,Counter,15780,,,agent.ping.count,2022-01-23T20:54:36,pop-os,32395
547,Measurement,16,,,agent.ping.roundtriptime,2022-01-23T20:54:34,pop-os,32394
548,Measurement,0,2022-01-23T20:43:39,2022-01-23T20:54:34,agent.ping.average.failure,2022-01-23T20:54:34,pop-os,32393
549,Counter,15779,,,agent.ping.count,2022-01-23T20:54:34,pop-os,32389
550,Measurement,19,,,agent.ping.roundtriptime,2022-01-23T20:54:32,pop-os,32392
551,Counter,15778,,,agent.ping.count,2022-01-23T20:54:32,pop-os,32388
552,Measurement,16,,,agent.ping.roundtriptime,2022-01-23T20:54:30,pop-os,32391
553,Counter,15777,,,agent.ping.count,2022-01-23T20:54:30,pop-os,32387
554,Measurement,13,,,agent.ping.roundtriptime,2022-01-23T20:54:28,pop-os,32390
555,Counter,15776,,,agent.ping.count,2022-01-23T20:54:28,pop-os,32386
556,Counter,15775,,,agent.ping.count,2022-01-23T20:54:25,pop-os,32385
557,Measurement,12,,,agent.ping.roundtriptime,2022-01-23T20:54:25,pop-os,32384
558,Measurement,12,,,agent.ping.roundtriptime,2022-01-23T20:54:23,pop-os,32383
559,Counter,15774,,,agent.ping.count,2022-01-23T20:54:23,pop-os,32379
560,Measurement,18,,,agent.ping.roundtriptime,2022-01-23T20:54:21,pop-os,32382
561,Counter,15773,,,agent.ping.count,2022-01-23T20:54:21,pop-os,32378
562,Measurement,12,,,agent.ping.roundtriptime,2022-01-23T20:54:19,pop-os,32381
563,Counter,15772,,,agent.ping.count,2022-01-23T20:54:19,pop-os,32377
564,Measurement,12,,,agent.ping.roundtriptime,2022-01-23T20:54:17,pop-os,32380
565,Counter,15771,,,agent.ping.count,2022-01-23T20:54:17,pop-os,32376
566,Counter,15770,,,agent.ping.count,2022-01-23T20:54:15,pop-os,32375
567,Measurement,24,,,agent.ping.roundtriptime,2022-01-23T20:54:15,pop-os,32374
568,Measurement,17,,,agent.ping.roundtriptime,2022-01-23T20:54:13,pop-os,32373
569,Measurement,0,2022-01-23T20:43:39,2022-01-23T20:54:13,agent.ping.average.failure,2022-01-23T20:54:13,pop-os,32372
570,Counter,15769,,,agent.ping.count,2022-01-23T20:54:13,pop-os,32368
571,Measurement,20,,,agent.ping.roundtriptime,2022-01-23T20:54:11,pop-os,32371
572,Counter,15768,,,agent.ping.count,2022-01-23T20:54:11,pop-os,32367
573,Measurement,13,,,agent.ping.roundtriptime,2022-01-23T20:54:09,pop-os,32370
574,Counter,15767,,,agent.ping.count,2022-01-23T20:54:09,pop-os,32366
575,Measurement,15,,,agent.ping.roundtriptime,2022-01-23T20:54:07,pop-os,32369
576,Counter,15766,,,agent.ping.count,2022-01-23T20:54:07,pop-os,32365
577,Measurement,13,,,agent.ping.roundtriptime,2022-01-23T20:54:05,pop-os,32364
578,Counter,15765,,,agent.ping.count,2022-01-23T20:54:05,pop-os,32359
579,Measurement,17,,,agent.ping.roundtriptime,2022-01-23T20:54:03,pop-os,32363
580,Counter,15764,,,agent.ping.count,2022-01-23T20:54:03,pop-os,32358
581,Measurement,15,,,agent.ping.roundtriptime,2022-01-23T20:54:01,pop-os,32362
582,Counter,15763,,,agent.ping.count,2022-01-23T20:54:01,pop-os,32357
583,Measurement,50,,,agent.ping.roundtriptime,2022-01-23T20:53:59,pop-os,32361
584,Counter,15762,,,agent.ping.count,2022-01-23T20:53:59,pop-os,32356
585,Measurement,11,,,agent.ping.roundtriptime,2022-01-23T20:53:57,pop-os,32360
586,Counter,15761,,,agent.ping.count,2022-01-23T20:53:57,pop-os,32355
587,Measurement,27,,,agent.ping.roundtriptime,2022-01-23T20:53:55,pop-os,32354
588,Counter,15760,,,agent.ping.count,2022-01-23T20:53:55,pop-os,32349
589,Measurement,12,,,agent.ping.roundtriptime,2022-01-23T20:53:53,pop-os,32353
590,Measurement,0,2022-01-23T20:43:39,2022-01-23T20:53:53,agent.ping.average.failure,2022-01-23T20:53:53,pop-os,32352
591,Counter,15759,,,agent.ping.count,2022-01-23T20:53:53,pop-os,32348
592,Measurement,56,,,agent.ping.roundtriptime,2022-01-23T20:53:51,pop-os,32351
593,Counter,15758,,,agent.ping.count,2022-01-23T20:53:51,pop-os,32347
594,Measurement,14,,,agent.ping.roundtriptime,2022-01-23T20:53:49,pop-os,32350
595,Counter,15757,,,agent.ping.count,2022-01-23T20:53:49,pop-os,32346
596,Counter,15756,,,agent.ping.count,2022-01-23T20:53:47,pop-os,32345
597,Measurement,18,,,agent.ping.roundtriptime,2022-01-23T20:53:46,pop-os,32344
598,Measurement,26,,,agent.ping.roundtriptime,2022-01-23T20:53:44,pop-os,32343
599,Counter,15755,,,agent.ping.count,2022-01-23T20:53:44,pop-os,32339
600,Measurement,24,,,agent.ping.roundtriptime,2022-01-23T20:53:42,pop-os,32342
601,Counter,15754,,,agent.ping.count,2022-01-23T20:53:42,pop-os,32338
602,Measurement,13,,,agent.ping.roundtriptime,2022-01-23T20:53:40,pop-os,32341
603,Counter,15753,,,agent.ping.count,2022-01-23T20:53:40,pop-os,32337
604,Measurement,11,,,agent.ping.roundtriptime,2022-01-23T20:53:38,pop-os,32340
605,Counter,15752,,,agent.ping.count,2022-01-23T20:53:38,pop-os,32336
606,Counter,15751,,,agent.ping.count,2022-01-23T20:53:36,pop-os,32335
607,Measurement,72,,,agent.ping.roundtriptime,2022-01-23T20:53:36,pop-os,32334
608,Measurement,12,,,agent.ping.roundtriptime,2022-01-23T20:53:34,pop-os,32333
609,Counter,15750,,,agent.ping.count,2022-01-23T20:53:34,pop-os,32328
610,Measurement,12,,,agent.ping.roundtriptime,2022-01-23T20:53:32,pop-os,32332
611,Measurement,0,2022-01-23T20:43:39,2022-01-23T20:53:32,agent.ping.average.failure,2022-01-23T20:53:32,pop-os,32331
612,Counter,15749,,,agent.ping.count,2022-01-23T20:53:32,pop-os,32327
613,Measurement,12,,,agent.ping.roundtriptime,2022-01-23T20:53:30,pop-os,32330
614,Counter,15748,,,agent.ping.count,2022-01-23T20:53:30,pop-os,32326
615,Measurement,14,,,agent.ping.roundtriptime,2022-01-23T20:53:28,pop-os,32329
616,Counter,15747,,,agent.ping.count,2022-01-23T20:53:28,pop-os,32325
617,Measurement,11,,,agent.ping.roundtriptime,2022-01-23T20:53:26,pop-os,32324
618,Counter,15746,,,agent.ping.count,2022-01-23T20:53:26,pop-os,32319
619,Measurement,14,,,agent.ping.roundtriptime,2022-01-23T20:53:24,pop-os,32323
620,Counter,15745,,,agent.ping.count,2022-01-23T20:53:24,pop-os,32318
621,Measurement,12,,,agent.ping.roundtriptime,2022-01-23T20:53:22,pop-os,32322
622,Counter,15744,,,agent.ping.count,2022-01-23T20:53:22,pop-os,32317
623,Measurement,17,,,agent.ping.roundtriptime,2022-01-23T20:53:20,pop-os,32321
624,Counter,15743,,,agent.ping.count,2022-01-23T20:53:20,pop-os,32316
625,Measurement,13,,,agent.ping.roundtriptime,2022-01-23T20:53:18,pop-os,32320
626,Counter,15742,,,agent.ping.count,2022-01-23T20:53:18,pop-os,32315
627,Measurement,13,,,agent.ping.roundtriptime,2022-01-23T20:53:16,pop-os,32314
628,Counter,15741,,,agent.ping.count,2022-01-23T20:53:16,pop-os,32309
629,Measurement,12,,,agent.ping.roundtriptime,2022-01-23T20:53:14,pop-os,32313
630,Counter,15740,,,agent.ping.count,2022-01-23T20:53:14,pop-os,32308
631,Measurement,18,,,agent.ping.roundtriptime,2022-01-23T20:53:12,pop-os,32312
632,Measurement,0,2022-01-23T20:43:39,2022-01-23T20:53:12,agent.ping.average.failure,2022-01-23T20:53:12,pop-os,32311
633,Counter,15739,,,agent.ping.count,2022-01-23T20:53:12,pop-os,32307
634,Measurement,13,,,agent.ping.roundtriptime,2022-01-23T20:53:10,pop-os,32310
635,Counter,15738,,,agent.ping.count,2022-01-23T20:53:10,pop-os,32306
636,Counter,15737,,,agent.ping.count,2022-01-23T20:53:08,pop-os,32305
637,Measurement,13,,,agent.ping.roundtriptime,2022-01-23T20:53:07,pop-os,32304
638,Measurement,13,,,agent.ping.roundtriptime,2022-01-23T20:53:05,pop-os,32303
639,Counter,15736,,,agent.ping.count,2022-01-23T20:53:05,pop-os,32299
640,Measurement,15,,,agent.ping.roundtriptime,2022-01-23T20:53:03,pop-os,32302
641,Counter,15735,,,agent.ping.count,2022-01-23T20:53:03,pop-os,32298
642,Measurement,13,,,agent.ping.roundtriptime,2022-01-23T20:53:01,pop-os,32301
643,Counter,15734,,,agent.ping.count,2022-01-23T20:53:01,pop-os,32297
644,Measurement,11,,,agent.ping.roundtriptime,2022-01-23T20:52:59,pop-os,32300
645,Counter,15733,,,agent.ping.count,2022-01-23T20:52:59,pop-os,32296
646,Counter,15732,,,agent.ping.count,2022-01-23T20:52:57,pop-os,32295
647,Measurement,11,,,agent.ping.roundtriptime,2022-01-23T20:52:57,pop-os,32294
648,Measurement,13,,,agent.ping.roundtriptime,2022-01-23T20:52:55,pop-os,32293
649,Counter,15731,,,agent.ping.count,2022-01-23T20:52:55,pop-os,32288
650,Measurement,11,,,agent.ping.roundtriptime,2022-01-23T20:52:53,pop-os,32292
651,Counter,15730,,,agent.ping.count,2022-01-23T20:52:53,pop-os,32287
652,Measurement,13,,,agent.ping.roundtriptime,2022-01-23T20:52:51,pop-os,32291
653,Measurement,0,2022-01-23T20:43:39,2022-01-23T20:52:51,agent.ping.average.failure,2022-01-23T20:52:51,pop-os,32290
654,Counter,15729,,,agent.ping.count,2022-01-23T20:52:51,pop-os,32286
655,Measurement,17,,,agent.ping.roundtriptime,2022-01-23T20:52:49,pop-os,32289
656,Counter,15728,,,agent.ping.count,2022-01-23T20:52:49,pop-os,32285
657,Measurement,24,,,agent.ping.roundtriptime,2022-01-23T20:52:47,pop-os,32284
658,Counter,15727,,,agent.ping.count,2022-01-23T20:52:47,pop-os,32279
659,Measurement,12,,,agent.ping.roundtriptime,2022-01-23T20:52:45,pop-os,32283
660,Counter,15726,,,agent.ping.count,2022-01-23T20:52:45,pop-os,32278
661,Measurement,12,,,agent.ping.roundtriptime,2022-01-23T20:52:43,pop-os,32282
662,Counter,15725,,,agent.ping.count,2022-01-23T20:52:43,pop-os,32277
663,Measurement,40,,,agent.ping.roundtriptime,2022-01-23T20:52:41,pop-os,32281
664,Counter,15724,,,agent.ping.count,2022-01-23T20:52:41,pop-os,32276
665,Measurement,27,,,agent.ping.roundtriptime,2022-01-23T20:52:39,pop-os,32280
666,Counter,15723,,,agent.ping.count,2022-01-23T20:52:39,pop-os,32275
667,Measurement,14,,,agent.ping.roundtriptime,2022-01-23T20:52:37,pop-os,32274
668,Counter,15722,,,agent.ping.count,2022-01-23T20:52:37,pop-os,32269
669,Measurement,34,,,agent.ping.roundtriptime,2022-01-23T20:52:35,pop-os,32273
670,Counter,15721,,,agent.ping.count,2022-01-23T20:52:35,pop-os,32268
671,Measurement,30,,,agent.ping.roundtriptime,2022-01-23T20:52:33,pop-os,32272
672,Counter,15720,,,agent.ping.count,2022-01-23T20:52:33,pop-os,32267
673,Measurement,56,,,agent.ping.roundtriptime,2022-01-23T20:52:31,pop-os,32271
674,Measurement,1,2022-01-23T20:43:39,2022-01-23T20:52:31,agent.ping.average.failure,2022-01-23T20:52:31,pop-os,32270
675,Counter,15719,,,agent.ping.count,2022-01-23T20:52:31,pop-os,32266
676,Counter,15718,,,agent.ping.count,2022-01-23T20:52:29,pop-os,32265
677,Measurement,11,,,agent.ping.roundtriptime,2022-01-23T20:52:28,pop-os,32264
678,Measurement,11,,,agent.ping.roundtriptime,2022-01-23T20:52:26,pop-os,32263
679,Counter,15717,,,agent.ping.count,2022-01-23T20:52:26,pop-os,32259
680,Measurement,15,,,agent.ping.roundtriptime,2022-01-23T20:52:24,pop-os,32262
681,Counter,15716,,,agent.ping.count,2022-01-23T20:52:24,pop-os,32258
682,Measurement,12,,,agent.ping.roundtriptime,2022-01-23T20:52:22,pop-os,32261
683,Counter,15715,,,agent.ping.count,2022-01-23T20:52:22,pop-os,32257
684,Measurement,13,,,agent.ping.roundtriptime,2022-01-23T20:52:20,pop-os,32260
685,Counter,15714,,,agent.ping.count,2022-01-23T20:52:20,pop-os,32256
686,Counter,15713,,,agent.ping.count,2022-01-23T20:52:18,pop-os,32255
687,Counter,15712,,,agent.ping.count,2022-01-23T20:52:16,pop-os,32251
688,Counter,15711,,,agent.ping.count,2022-01-23T20:52:14,pop-os,32250
689,Counter,15710,,,agent.ping.count,2022-01-23T20:52:12,pop-os,32249
690,Measurement,0,2022-01-23T20:43:39,2022-01-23T20:52:10,agent.ping.average.failure,2022-01-23T20:52:10,pop-os,32254
691,Counter,15709,,,agent.ping.count,2022-01-23T20:52:10,pop-os,32248
692,Measurement,14,,,agent.ping.roundtriptime,2022-01-23T20:52:08,pop-os,32253
693,Counter,15708,,,agent.ping.count,2022-01-23T20:52:08,pop-os,32247
694,Measurement,13,,,agent.ping.roundtriptime,2022-01-23T20:52:06,pop-os,32252
695,Counter,15707,,,agent.ping.count,2022-01-23T20:52:06,pop-os,32246
696,Counter,15706,,,agent.ping.count,2022-01-23T20:52:04,pop-os,32245
697,Measurement,12,,,agent.ping.roundtriptime,2022-01-23T20:52:03,pop-os,32244
698,Measurement,11,,,agent.ping.roundtriptime,2022-01-23T20:52:01,pop-os,32243
699,Counter,15705,,,agent.ping.count,2022-01-23T20:52:01,pop-os,32239
700,Measurement,13,,,agent.ping.roundtriptime,2022-01-23T20:51:59,pop-os,32242
701,Counter,15704,,,agent.ping.count,2022-01-23T20:51:59,pop-os,32238
702,Measurement,13,,,agent.ping.roundtriptime,2022-01-23T20:51:57,pop-os,32241
703,Counter,15703,,,agent.ping.count,2022-01-23T20:51:57,pop-os,32237
704,Measurement,12,,,agent.ping.roundtriptime,2022-01-23T20:51:55,pop-os,32240
705,Counter,15702,,,agent.ping.count,2022-01-23T20:51:55,pop-os,32236
706,Counter,15701,,,agent.ping.count,2022-01-23T20:51:53,pop-os,32235
707,Measurement,18,,,agent.ping.roundtriptime,2022-01-23T20:51:53,pop-os,32234
708,Measurement,14,,,agent.ping.roundtriptime,2022-01-23T20:51:51,pop-os,32233
709,Counter,15700,,,agent.ping.count,2022-01-23T20:51:51,pop-os,32228
710,Measurement,15,,,agent.ping.roundtriptime,2022-01-23T20:51:49,pop-os,32232
711,Measurement,0,2022-01-23T20:43:39,2022-01-23T20:51:49,agent.ping.average.failure,2022-01-23T20:51:49,pop-os,32231
712,Counter,15699,,,agent.ping.count,2022-01-23T20:51:49,pop-os,32227
713,Measurement,13,,,agent.ping.roundtriptime,2022-01-23T20:51:47,pop-os,32230
714,Counter,15698,,,agent.ping.count,2022-01-23T20:51:47,pop-os,32226
715,Measurement,12,,,agent.ping.roundtriptime,2022-01-23T20:51:45,pop-os,32229
716,Counter,15697,,,agent.ping.count,2022-01-23T20:51:45,pop-os,32225
717,Measurement,35,,,agent.ping.roundtriptime,2022-01-23T20:51:43,pop-os,32224
718,Counter,15696,,,agent.ping.count,2022-01-23T20:51:43,pop-os,32219
719,Measurement,19,,,agent.ping.roundtriptime,2022-01-23T20:51:41,pop-os,32223
720,Counter,15695,,,agent.ping.count,2022-01-23T20:51:41,pop-os,32218
721,Measurement,16,,,agent.ping.roundtriptime,2022-01-23T20:51:39,pop-os,32222
722,Counter,15694,,,agent.ping.count,2022-01-23T20:51:39,pop-os,32217
723,Measurement,12,,,agent.ping.roundtriptime,2022-01-23T20:51:37,pop-os,32221
724,Counter,15693,,,agent.ping.count,2022-01-23T20:51:37,pop-os,32216
725,Measurement,50,,,agent.ping.roundtriptime,2022-01-23T20:51:35,pop-os,32220
726,Counter,15692,,,agent.ping.count,2022-01-23T20:51:35,pop-os,32215
727,Measurement,14,,,agent.ping.roundtriptime,2022-01-23T20:51:33,pop-os,32214
728,Counter,15691,,,agent.ping.count,2022-01-23T20:51:33,pop-os,32209
729,Measurement,17,,,agent.ping.roundtriptime,2022-01-23T20:51:31,pop-os,32213
730,Counter,15690,,,agent.ping.count,2022-01-23T20:51:31,pop-os,32208
731,Measurement,11,,,agent.ping.roundtriptime,2022-01-23T20:51:29,pop-os,32212
732,Measurement,0,2022-01-23T20:43:39,2022-01-23T20:51:29,agent.ping.average.failure,2022-01-23T20:51:29,pop-os,32211
733,Counter,15689,,,agent.ping.count,2022-01-23T20:51:29,pop-os,32207
734,Measurement,44,,,agent.ping.roundtriptime,2022-01-23T20:51:27,pop-os,32210
735,Counter,15688,,,agent.ping.count,2022-01-23T20:51:27,pop-os,32206
736,Counter,15687,,,agent.ping.count,2022-01-23T20:51:25,pop-os,32205
737,Measurement,17,,,agent.ping.roundtriptime,2022-01-23T20:51:24,pop-os,32204
738,Measurement,15,,,agent.ping.roundtriptime,2022-01-23T20:51:22,pop-os,32203
739,Counter,15686,,,agent.ping.count,2022-01-23T20:51:22,pop-os,32199
740,Measurement,18,,,agent.ping.roundtriptime,2022-01-23T20:51:20,pop-os,32202
741,Counter,15685,,,agent.ping.count,2022-01-23T20:51:20,pop-os,32198
742,Measurement,16,,,agent.ping.roundtriptime,2022-01-23T20:51:18,pop-os,32201
743,Counter,15684,,,agent.ping.count,2022-01-23T20:51:18,pop-os,32197
744,Measurement,14,,,agent.ping.roundtriptime,2022-01-23T20:51:16,pop-os,32200
745,Counter,15683,,,agent.ping.count,2022-01-23T20:51:16,pop-os,32196
746,Counter,15682,,,agent.ping.count,2022-01-23T20:51:14,pop-os,32195
747,Measurement,11,,,agent.ping.roundtriptime,2022-01-23T20:51:14,pop-os,32194
748,Measurement,11,,,agent.ping.roundtriptime,2022-01-23T20:51:12,pop-os,32193
749,Counter,15681,,,agent.ping.count,2022-01-23T20:51:12,pop-os,32188
750,Measurement,65,,,agent.ping.roundtriptime,2022-01-23T20:51:10,pop-os,32192
751,Counter,15680,,,agent.ping.count,2022-01-23T20:51:10,pop-os,32187
752,Measurement,20,,,agent.ping.roundtriptime,2022-01-23T20:51:08,pop-os,32191
753,Measurement,0,2022-01-23T20:43:39,2022-01-23T20:51:08,agent.ping.average.failure,2022-01-23T20:51:08,pop-os,32190
754,Counter,15679,,,agent.ping.count,2022-01-23T20:51:08,pop-os,32186
755,Measurement,22,,,agent.ping.roundtriptime,2022-01-23T20:51:06,pop-os,32189
756,Counter,15678,,,agent.ping.count,2022-01-23T20:51:06,pop-os,32185
757,Measurement,16,,,agent.ping.roundtriptime,2022-01-23T20:51:04,pop-os,32184
758,Counter,15677,,,agent.ping.count,2022-01-23T20:51:04,pop-os,32179
759,Measurement,16,,,agent.ping.roundtriptime,2022-01-23T20:51:02,pop-os,32183
760,Counter,15676,,,agent.ping.count,2022-01-23T20:51:02,pop-os,32178
761,Measurement,12,,,agent.ping.roundtriptime,2022-01-23T20:51:00,pop-os,32182
762,Counter,15675,,,agent.ping.count,2022-01-23T20:51:00,pop-os,32177
763,Measurement,12,,,agent.ping.roundtriptime,2022-01-23T20:50:58,pop-os,32181
764,Counter,15674,,,agent.ping.count,2022-01-23T20:50:58,pop-os,32176
765,Measurement,16,,,agent.ping.roundtriptime,2022-01-23T20:50:56,pop-os,32180
766,Counter,15673,,,agent.ping.count,2022-01-23T20:50:56,pop-os,32175
767,Measurement,16,,,agent.ping.roundtriptime,2022-01-23T20:50:54,pop-os,32174
768,Counter,15672,,,agent.ping.count,2022-01-23T20:50:54,pop-os,32169
769,Measurement,10,,,agent.ping.roundtriptime,2022-01-23T20:50:52,pop-os,32173
770,Counter,15671,,,agent.ping.count,2022-01-23T20:50:52,pop-os,32168
771,Measurement,12,,,agent.ping.roundtriptime,2022-01-23T20:50:50,pop-os,32172
772,Counter,15670,,,agent.ping.count,2022-01-23T20:50:50,pop-os,32167
773,Measurement,13,,,agent.ping.roundtriptime,2022-01-23T20:50:48,pop-os,32171
774,Measurement,0,2022-01-23T20:43:39,2022-01-23T20:50:48,agent.ping.average.failure,2022-01-23T20:50:48,pop-os,32170
775,Counter,15669,,,agent.ping.count,2022-01-23T20:50:48,pop-os,32166
776,Counter,15668,,,agent.ping.count,2022-01-23T20:50:46,pop-os,32165
777,Measurement,13,,,agent.ping.roundtriptime,2022-01-23T20:50:45,pop-os,32164
778,Measurement,43,,,agent.ping.roundtriptime,2022-01-23T20:50:43,pop-os,32163
779,Counter,15667,,,agent.ping.count,2022-01-23T20:50:43,pop-os,32159
780,Measurement,14,,,agent.ping.roundtriptime,2022-01-23T20:50:41,pop-os,32162
781,Counter,15666,,,agent.ping.count,2022-01-23T20:50:41,pop-os,32158
782,Measurement,13,,,agent.ping.roundtriptime,2022-01-23T20:50:39,pop-os,32161
783,Counter,15665,,,agent.ping.count,2022-01-23T20:50:39,pop-os,32157
784,Measurement,11,,,agent.ping.roundtriptime,2022-01-23T20:50:37,pop-os,32160
785,Counter,15664,,,agent.ping.count,2022-01-23T20:50:37,pop-os,32156
786,Counter,15663,,,agent.ping.count,2022-01-23T20:50:35,pop-os,32155
787,Measurement,14,,,agent.ping.roundtriptime,2022-01-23T20:50:35,pop-os,32154
788,Measurement,14,,,agent.ping.roundtriptime,2022-01-23T20:50:33,pop-os,32153
789,Counter,15662,,,agent.ping.count,2022-01-23T20:50:33,pop-os,32148
790,Measurement,21,,,agent.ping.roundtriptime,2022-01-23T20:50:31,pop-os,32152
791,Counter,15661,,,agent.ping.count,2022-01-23T20:50:31,pop-os,32147
792,Measurement,12,,,agent.ping.roundtriptime,2022-01-23T20:50:29,pop-os,32151
793,Counter,15660,,,agent.ping.count,2022-01-23T20:50:29,pop-os,32146
794,Measurement,11,,,agent.ping.roundtriptime,2022-01-23T20:50:27,pop-os,32150
795,Measurement,0,2022-01-23T20:43:39,2022-01-23T20:50:27,agent.ping.average.failure,2022-01-23T20:50:27,pop-os,32149
796,Counter,15659,,,agent.ping.count,2022-01-23T20:50:27,pop-os,32145
797,Measurement,18,,,agent.ping.roundtriptime,2022-01-23T20:50:25,pop-os,32144
798,Counter,15658,,,agent.ping.count,2022-01-23T20:50:25,pop-os,32139
799,Measurement,50,,,agent.ping.roundtriptime,2022-01-23T20:50:23,pop-os,32143
800,Counter,15657,,,agent.ping.count,2022-01-23T20:50:23,pop-os,32138
801,Measurement,10,,,agent.ping.roundtriptime,2022-01-23T20:50:21,pop-os,32142
802,Counter,15656,,,agent.ping.count,2022-01-23T20:50:21,pop-os,32137
803,Measurement,21,,,agent.ping.roundtriptime,2022-01-23T20:50:19,pop-os,32141
804,Counter,15655,,,agent.ping.count,2022-01-23T20:50:19,pop-os,32136
805,Measurement,16,,,agent.ping.roundtriptime,2022-01-23T20:50:17,pop-os,32140
806,Counter,15654,,,agent.ping.count,2022-01-23T20:50:17,pop-os,32135
807,Measurement,16,,,agent.ping.roundtriptime,2022-01-23T20:50:15,pop-os,32134
808,Counter,15653,,,agent.ping.count,2022-01-23T20:50:15,pop-os,32129
809,Measurement,12,,,agent.ping.roundtriptime,2022-01-23T20:50:13,pop-os,32133
810,Counter,15652,,,agent.ping.count,2022-01-23T20:50:13,pop-os,32128
811,Measurement,42,,,agent.ping.roundtriptime,2022-01-23T20:50:11,pop-os,32132
812,Counter,15651,,,agent.ping.count,2022-01-23T20:50:11,pop-os,32127
813,Measurement,12,,,agent.ping.roundtriptime,2022-01-23T20:50:09,pop-os,32131
814,Counter,15650,,,agent.ping.count,2022-01-23T20:50:09,pop-os,32126
815,Measurement,19,,,agent.ping.roundtriptime,2022-01-23T20:50:07,pop-os,32130
816,Counter,15649,,,agent.ping.count,2022-01-23T20:50:07,pop-os,32125
817,Measurement,0,2022-01-23T20:43:39,2022-01-23T20:50:07,agent.ping.average.failure,2022-01-23T20:50:07,pop-os,32124
818,Measurement,19,,,agent.ping.roundtriptime,2022-01-23T20:50:05,pop-os,32123
819,Counter,15648,,,agent.ping.count,2022-01-23T20:50:05,pop-os,32119
820,Measurement,16,,,agent.ping.roundtriptime,2022-01-23T20:50:03,pop-os,32122
821,Counter,15647,,,agent.ping.count,2022-01-23T20:50:03,pop-os,32118
822,Measurement,20,,,agent.ping.roundtriptime,2022-01-23T20:50:00,pop-os,32121
823,Counter,15646,,,agent.ping.count,2022-01-23T20:50:00,pop-os,32117
824,Measurement,13,,,agent.ping.roundtriptime,2022-01-23T20:49:58,pop-os,32120
825,Counter,15645,,,agent.ping.count,2022-01-23T20:49:58,pop-os,32116
826,Counter,15644,,,agent.ping.count,2022-01-23T20:49:56,pop-os,32115
827,Measurement,13,,,agent.ping.roundtriptime,2022-01-23T20:49:56,pop-os,32114
828,Measurement,15,,,agent.ping.roundtriptime,2022-01-23T20:49:54,pop-os,32113
829,Counter,15643,,,agent.ping.count,2022-01-23T20:49:54,pop-os,32109
830,Measurement,26,,,agent.ping.roundtriptime,2022-01-23T20:49:52,pop-os,32112
831,Counter,15642,,,agent.ping.count,2022-01-23T20:49:52,pop-os,32108
832,Measurement,21,,,agent.ping.roundtriptime,2022-01-23T20:49:50,pop-os,32111
833,Counter,15641,,,agent.ping.count,2022-01-23T20:49:50,pop-os,32107
834,Measurement,8,,,agent.ping.roundtriptime,2022-01-23T20:49:48,pop-os,32110
835,Counter,15640,,,agent.ping.count,2022-01-23T20:49:48,pop-os,32106
836,Counter,15639,,,agent.ping.count,2022-01-23T20:49:46,pop-os,32105
837,Measurement,19,,,agent.ping.roundtriptime,2022-01-23T20:49:46,pop-os,32104
838,Measurement,0,2022-01-23T20:43:39,2022-01-23T20:49:46,agent.ping.average.failure,2022-01-23T20:49:46,pop-os,32103
839,Measurement,12,,,agent.ping.roundtriptime,2022-01-23T20:49:44,pop-os,32102
840,Counter,15638,,,agent.ping.count,2022-01-23T20:49:44,pop-os,32098
841,Measurement,15,,,agent.ping.roundtriptime,2022-01-23T20:49:42,pop-os,32101
842,Counter,15637,,,agent.ping.count,2022-01-23T20:49:42,pop-os,32097
843,Measurement,14,,,agent.ping.roundtriptime,2022-01-23T20:49:40,pop-os,32100
844,Counter,15636,,,agent.ping.count,2022-01-23T20:49:40,pop-os,32096
845,Measurement,16,,,agent.ping.roundtriptime,2022-01-23T20:49:38,pop-os,32099
846,Counter,15635,,,agent.ping.count,2022-01-23T20:49:38,pop-os,32095
847,Measurement,12,,,agent.ping.roundtriptime,2022-01-23T20:49:36,pop-os,32094
848,Counter,15634,,,agent.ping.count,2022-01-23T20:49:36,pop-os,32089
849,Measurement,15,,,agent.ping.roundtriptime,2022-01-23T20:49:34,pop-os,32093
850,Counter,15633,,,agent.ping.count,2022-01-23T20:49:34,pop-os,32088
851,Measurement,13,,,agent.ping.roundtriptime,2022-01-23T20:49:32,pop-os,32092
852,Counter,15632,,,agent.ping.count,2022-01-23T20:49:32,pop-os,32087
853,Measurement,23,,,agent.ping.roundtriptime,2022-01-23T20:49:30,pop-os,32091
854,Counter,15631,,,agent.ping.count,2022-01-23T20:49:30,pop-os,32086
855,Measurement,12,,,agent.ping.roundtriptime,2022-01-23T20:49:28,pop-os,32090
856,Counter,15630,,,agent.ping.count,2022-01-23T20:49:28,pop-os,32085
857,Measurement,14,,,agent.ping.roundtriptime,2022-01-23T20:49:26,pop-os,32084
858,Measurement,0,2022-01-23T20:43:39,2022-01-23T20:49:26,agent.ping.average.failure,2022-01-23T20:49:26,pop-os,32083
859,Counter,15629,,,agent.ping.count,2022-01-23T20:49:26,pop-os,32079
860,Measurement,14,,,agent.ping.roundtriptime,2022-01-23T20:49:24,pop-os,32082
861,Counter,15628,,,agent.ping.count,2022-01-23T20:49:24,pop-os,32078
862,Measurement,14,,,agent.ping.roundtriptime,2022-01-23T20:49:22,pop-os,32081
863,Counter,15627,,,agent.ping.count,2022-01-23T20:49:22,pop-os,32077
864,Measurement,21,,,agent.ping.roundtriptime,2022-01-23T20:49:20,pop-os,32080
865,Counter,15626,,,agent.ping.count,2022-01-23T20:49:20,pop-os,32076
866,Counter,15625,,,agent.ping.count,2022-01-23T20:49:18,pop-os,32075
867,Measurement,37,,,agent.ping.roundtriptime,2022-01-23T20:49:17,pop-os,32074
868,Measurement,13,,,agent.ping.roundtriptime,2022-01-23T20:49:15,pop-os,32073
869,Counter,15624,,,agent.ping.count,2022-01-23T20:49:15,pop-os,32069
870,Measurement,15,,,agent.ping.roundtriptime,2022-01-23T20:49:13,pop-os,32072
871,Counter,15623,,,agent.ping.count,2022-01-23T20:49:13,pop-os,32068
872,Measurement,16,,,agent.ping.roundtriptime,2022-01-23T20:49:11,pop-os,32071
873,Counter,15622,,,agent.ping.count,2022-01-23T20:49:11,pop-os,32067
874,Measurement,21,,,agent.ping.roundtriptime,2022-01-23T20:49:09,pop-os,32070
875,Counter,15621,,,agent.ping.count,2022-01-23T20:49:09,pop-os,32066
876,Counter,15620,,,agent.ping.count,2022-01-23T20:49:07,pop-os,32065
877,Measurement,16,,,agent.ping.roundtriptime,2022-01-23T20:49:07,pop-os,32064
878,Measurement,16,,,agent.ping.roundtriptime,2022-01-23T20:49:05,pop-os,32063
879,Measurement,1,2022-01-23T20:43:39,2022-01-23T20:49:05,agent.ping.average.failure,2022-01-23T20:49:05,pop-os,32062
880,Counter,15619,,,agent.ping.count,2022-01-23T20:49:05,pop-os,32058
881,Measurement,16,,,agent.ping.roundtriptime,2022-01-23T20:49:03,pop-os,32061
882,Counter,15618,,,agent.ping.count,2022-01-23T20:49:03,pop-os,32057
883,Measurement,20,,,agent.ping.roundtriptime,2022-01-23T20:49:01,pop-os,32060
884,Counter,15617,,,agent.ping.count,2022-01-23T20:49:01,pop-os,32056
885,Measurement,11,,,agent.ping.roundtriptime,2022-01-23T20:48:59,pop-os,32059
886,Counter,15616,,,agent.ping.count,2022-01-23T20:48:59,pop-os,32055
887,Measurement,20,,,agent.ping.roundtriptime,2022-01-23T20:48:57,pop-os,32054
888,Counter,15615,,,agent.ping.count,2022-01-23T20:48:57,pop-os,32050
889,Measurement,35,,,agent.ping.roundtriptime,2022-01-23T20:48:55,pop-os,32053
890,Counter,15614,,,agent.ping.count,2022-01-23T20:48:55,pop-os,32049
891,Measurement,21,,,agent.ping.roundtriptime,2022-01-23T20:48:53,pop-os,32052
892,Counter,15613,,,agent.ping.count,2022-01-23T20:48:53,pop-os,32048
893,Measurement,19,,,agent.ping.roundtriptime,2022-01-23T20:48:51,pop-os,32051
894,Counter,15612,,,agent.ping.count,2022-01-23T20:48:51,pop-os,32047
895,Counter,15611,,,agent.ping.count,2022-01-23T20:48:49,pop-os,32046
896,Counter,15610,,,agent.ping.count,2022-01-23T20:48:47,pop-os,32045
897,Measurement,14,,,agent.ping.roundtriptime,2022-01-23T20:48:47,pop-os,32044
898,Measurement,23,,,agent.ping.roundtriptime,2022-01-23T20:48:45,pop-os,32043
899,Measurement,0,2022-01-23T20:43:39,2022-01-23T20:48:45,agent.ping.average.failure,2022-01-23T20:48:45,pop-os,32042
900,Counter,15609,,,agent.ping.count,2022-01-23T20:48:45,pop-os,32038
901,Measurement,44,,,agent.ping.roundtriptime,2022-01-23T20:48:43,pop-os,32041
902,Counter,15608,,,agent.ping.count,2022-01-23T20:48:43,pop-os,32037
903,Measurement,41,,,agent.ping.roundtriptime,2022-01-23T20:48:40,pop-os,32040
904,Counter,15607,,,agent.ping.count,2022-01-23T20:48:40,pop-os,32036
905,Measurement,14,,,agent.ping.roundtriptime,2022-01-23T20:48:38,pop-os,32039
906,Counter,15606,,,agent.ping.count,2022-01-23T20:48:38,pop-os,32035
907,Measurement,12,,,agent.ping.roundtriptime,2022-01-23T20:48:36,pop-os,32034
908,Counter,15605,,,agent.ping.count,2022-01-23T20:48:36,pop-os,32029
909,Measurement,15,,,agent.ping.roundtriptime,2022-01-23T20:48:34,pop-os,32033
910,Counter,15604,,,agent.ping.count,2022-01-23T20:48:34,pop-os,32028
911,Measurement,37,,,agent.ping.roundtriptime,2022-01-23T20:48:32,pop-os,32032
912,Counter,15603,,,agent.ping.count,2022-01-23T20:48:32,pop-os,32027
913,Measurement,65,,,agent.ping.roundtriptime,2022-01-23T20:48:30,pop-os,32031
914,Counter,15602,,,agent.ping.count,2022-01-23T20:48:30,pop-os,32026
915,Measurement,14,,,agent.ping.roundtriptime,2022-01-23T20:48:28,pop-os,32030
916,Counter,15601,,,agent.ping.count,2022-01-23T20:48:28,pop-os,32025
917,Measurement,13,,,agent.ping.roundtriptime,2022-01-23T20:48:26,pop-os,32024
918,Counter,15600,,,agent.ping.count,2022-01-23T20:48:26,pop-os,32019
919,Measurement,15,,,agent.ping.roundtriptime,2022-01-23T20:48:24,pop-os,32023
920,Measurement,1,2022-01-23T20:43:39,2022-01-23T20:48:24,agent.ping.average.failure,2022-01-23T20:48:24,pop-os,32022
921,Counter,15599,,,agent.ping.count,2022-01-23T20:48:24,pop-os,32018
922,Measurement,14,,,agent.ping.roundtriptime,2022-01-23T20:48:22,pop-os,32021
923,Counter,15598,,,agent.ping.count,2022-01-23T20:48:22,pop-os,32017
924,Measurement,13,,,agent.ping.roundtriptime,2022-01-23T20:48:20,pop-os,32020
925,Counter,15597,,,agent.ping.count,2022-01-23T20:48:20,pop-os,32016
926,Counter,15596,,,agent.ping.count,2022-01-23T20:48:18,pop-os,32015
927,Measurement,20,,,agent.ping.roundtriptime,2022-01-23T20:48:16,pop-os,32014
928,Counter,15595,,,agent.ping.count,2022-01-23T20:48:16,pop-os,32009
929,Measurement,13,,,agent.ping.roundtriptime,2022-01-23T20:48:14,pop-os,32013
930,Counter,15594,,,agent.ping.count,2022-01-23T20:48:14,pop-os,32008
931,Measurement,20,,,agent.ping.roundtriptime,2022-01-23T20:48:12,pop-os,32012
932,Counter,15593,,,agent.ping.count,2022-01-23T20:48:12,pop-os,32007
933,Measurement,16,,,agent.ping.roundtriptime,2022-01-23T20:48:10,pop-os,32011
934,Counter,15592,,,agent.ping.count,2022-01-23T20:48:10,pop-os,32006
935,Measurement,13,,,agent.ping.roundtriptime,2022-01-23T20:48:08,pop-os,32010
936,Counter,15591,,,agent.ping.count,2022-01-23T20:48:08,pop-os,32005
937,Measurement,14,,,agent.ping.roundtriptime,2022-01-23T20:48:05,pop-os,32004
938,Counter,15590,,,agent.ping.count,2022-01-23T20:48:05,pop-os,31999
939,Measurement,13,,,agent.ping.roundtriptime,2022-01-23T20:48:03,pop-os,32003
940,Measurement,1,2022-01-23T20:43:39,2022-01-23T20:48:03,agent.ping.average.failure,2022-01-23T20:48:03,pop-os,32002
941,Counter,15589,,,agent.ping.count,2022-01-23T20:48:03,pop-os,31998
942,Measurement,17,,,agent.ping.roundtriptime,2022-01-23T20:48:01,pop-os,32001
943,Counter,15588,,,agent.ping.count,2022-01-23T20:48:01,pop-os,31997
944,Measurement,17,,,agent.ping.roundtriptime,2022-01-23T20:47:59,pop-os,32000
945,Counter,15587,,,agent.ping.count,2022-01-23T20:47:59,pop-os,31996
946,Counter,15586,,,agent.ping.count,2022-01-23T20:47:57,pop-os,31995
947,Measurement,22,,,agent.ping.roundtriptime,2022-01-23T20:47:57,pop-os,31994
948,Measurement,95,,,agent.ping.roundtriptime,2022-01-23T20:47:55,pop-os,31993
949,Counter,15585,,,agent.ping.count,2022-01-23T20:47:55,pop-os,31991
950,Counter,15584,,,agent.ping.count,2022-01-23T20:47:53,pop-os,31990
951,Counter,15583,,,agent.ping.count,2022-01-23T20:47:51,pop-os,31989
952,Counter,15582,,,agent.ping.count,2022-01-23T20:47:49,pop-os,31988
953,Counter,15581,,,agent.ping.count,2022-01-23T20:47:47,pop-os,31987
954,Measurement,15,,,agent.ping.roundtriptime,2022-01-23T20:47:45,pop-os,31992
955,Counter,15580,,,agent.ping.count,2022-01-23T20:47:45,pop-os,31986
956,Counter,15579,,,agent.ping.count,2022-01-23T20:47:43,pop-os,31985
957,Measurement,21,,,agent.ping.roundtriptime,2022-01-23T20:47:42,pop-os,31984
958,Measurement,0,2022-01-23T20:43:39,2022-01-23T20:47:42,agent.ping.average.failure,2022-01-23T20:47:42,pop-os,31983
959,Measurement,15,,,agent.ping.roundtriptime,2022-01-23T20:47:40,pop-os,31982
960,Counter,15578,,,agent.ping.count,2022-01-23T20:47:40,pop-os,31978
961,Measurement,26,,,agent.ping.roundtriptime,2022-01-23T20:47:38,pop-os,31981
962,Counter,15577,,,agent.ping.count,2022-01-23T20:47:38,pop-os,31977
963,Measurement,14,,,agent.ping.roundtriptime,2022-01-23T20:47:36,pop-os,31980
964,Counter,15576,,,agent.ping.count,2022-01-23T20:47:36,pop-os,31976
965,Measurement,16,,,agent.ping.roundtriptime,2022-01-23T20:47:34,pop-os,31979
966,Counter,15575,,,agent.ping.count,2022-01-23T20:47:34,pop-os,31975
967,Measurement,14,,,agent.ping.roundtriptime,2022-01-23T20:47:32,pop-os,31974
968,Counter,15574,,,agent.ping.count,2022-01-23T20:47:32,pop-os,31969
969,Measurement,14,,,agent.ping.roundtriptime,2022-01-23T20:47:30,pop-os,31973
970,Counter,15573,,,agent.ping.count,2022-01-23T20:47:30,pop-os,31968
971,Measurement,19,,,agent.ping.roundtriptime,2022-01-23T20:47:28,pop-os,31972
972,Counter,15572,,,agent.ping.count,2022-01-23T20:47:28,pop-os,31967
973,Measurement,16,,,agent.ping.roundtriptime,2022-01-23T20:47:26,pop-os,31971
974,Counter,15571,,,agent.ping.count,2022-01-23T20:47:26,pop-os,31966
975,Measurement,15,,,agent.ping.roundtriptime,2022-01-23T20:47:24,pop-os,31970
976,Counter,15570,,,agent.ping.count,2022-01-23T20:47:24,pop-os,31965
977,Measurement,16,,,agent.ping.roundtriptime,2022-01-23T20:47:22,pop-os,31964
978,Measurement,0,2022-01-23T20:43:39,2022-01-23T20:47:22,agent.ping.average.failure,2022-01-23T20:47:22,pop-os,31963
979,Counter,15569,,,agent.ping.count,2022-01-23T20:47:22,pop-os,31959
980,Measurement,42,,,agent.ping.roundtriptime,2022-01-23T20:47:20,pop-os,31962
981,Counter,15568,,,agent.ping.count,2022-01-23T20:47:20,pop-os,31958
982,Measurement,17,,,agent.ping.roundtriptime,2022-01-23T20:47:18,pop-os,31961
983,Counter,15567,,,agent.ping.count,2022-01-23T20:47:18,pop-os,31957
984,Measurement,12,,,agent.ping.roundtriptime,2022-01-23T20:47:16,pop-os,31960
985,Counter,15566,,,agent.ping.count,2022-01-23T20:47:16,pop-os,31956
986,Counter,15565,,,agent.ping.count,2022-01-23T20:47:14,pop-os,31955
987,Measurement,12,,,agent.ping.roundtriptime,2022-01-23T20:47:14,pop-os,31954
988,Measurement,26,,,agent.ping.roundtriptime,2022-01-23T20:47:12,pop-os,31953
989,Counter,15564,,,agent.ping.count,2022-01-23T20:47:12,pop-os,31949
990,Measurement,16,,,agent.ping.roundtriptime,2022-01-23T20:47:10,pop-os,31952
991,Counter,15563,,,agent.ping.count,2022-01-23T20:47:10,pop-os,31948
992,Measurement,22,,,agent.ping.roundtriptime,2022-01-23T20:47:08,pop-os,31951
993,Counter,15562,,,agent.ping.count,2022-01-23T20:47:08,pop-os,31947
994,Measurement,21,,,agent.ping.roundtriptime,2022-01-23T20:47:06,pop-os,31950
995,Counter,15561,,,agent.ping.count,2022-01-23T20:47:06,pop-os,31946
996,Counter,15560,,,agent.ping.count,2022-01-23T20:47:04,pop-os,31945
997,Measurement,15,,,agent.ping.roundtriptime,2022-01-23T20:47:03,pop-os,31944
998,Measurement,13,,,agent.ping.roundtriptime,2022-01-23T20:47:01,pop-os,31943
999,Measurement,0,2022-01-23T20:43:39,2022-01-23T20:47:01,agent.ping.average.failure,2022-01-23T20:47:01,pop-os,31942
